"x01","x02","A1","r1","x11","x12","x13","A2","y"
8.79293425061458,44,"B",0,6.04082817610974,-5.30795101286323,4.17485579372846,"C",2.00005058945145
10.2774292421107,47,"A",0,5.86178003894917,-6.33287884283951,NA,"B",-26.2847164572944
11.0844411766831,65,"A",0,-0.406373223838772,-1.60953203332978,NA,"B",15.4883678080128
7.65430229737065,64,"A",0,4.26440903288476,4.53726043485251,NA,"B",-10.0676056224886
10.4291246888111,42,"A",0,4.06592843041945,-6.52620933611849,NA,"C",22.1249385654028
10.5060558921576,68,"A",1,NA,NA,NA,"A",-33.1825996119361
9.42526003986535,70,"A",1,NA,NA,NA,"A",4.42269200110918
9.45336814421581,40,"B",0,7.85337289189828,-6.76544736788311,4.47136668368233,"A",17.5863928499412
9.43554800090672,71,"A",0,1.59004819803691,1.0459943101429,NA,"B",-3.8202743361228
9.1099621709559,54,"B",0,6.02575387006257,-0.150677517739511,6.79031043197109,"C",-19.8581165778835
9.52280730024645,41,"A",0,7.71959755292282,-5.24228889998213,NA,"C",14.3107932792063
9.0016135551403,78,"B",0,0.852905477768642,6.64022841603381,5.50995632659946,"C",-1.21994621444873
9.22374610536201,73,"B",0,0.214179936691526,4.57339757840122,5.87753475518044,"A",-6.33590981363094
10.0644588172763,47,"A",0,4.40307596049586,-4.63243154629722,NA,"C",38.2276828151383
10.9594940589708,56,"A",0,2.24017895895065,-4.75557483472028,NA,"B",-38.562125473122
9.88971450560923,55,"A",0,2.33522444439999,-3.61219289550931,NA,"C",-10.7084872664411
9.48899049419336,50,"A",0,5.41929531752386,-2.92260715789277,NA,"B",-7.83531445371992
9.08880458337019,69,"B",0,1.87856968274349,3.02443741555843,5.05769265498578,"C",4.93680781545384
9.16282831973106,67,"A",0,1.9240624098602,3.23346269449565,NA,"C",1.06321873898971
12.4158351784893,51,"A",1,NA,NA,NA,"A",51.0797123424897
10.134088220152,76,"A",0,-1.76571133066631,2.3536909407717,NA,"C",0.37500834914477
9.50931410330906,75,"B",1,NA,NA,NA,"B",34.685423166846
9.55945212764677,78,"A",0,0.411785100717171,6.55178541282016,NA,"B",11.9384700775938
10.4595894410059,41,"B",0,5.36478450923157,-8.81475955284667,3.46714322619436,"C",21.2489024139029
9.30627975306252,44,"B",0,6.01724404830664,-5.56799862174331,5.0330032767412,"A",16.4987622389758
8.55179508961353,77,"B",1,NA,NA,NA,"B",-9.7114388349678
10.5747557209007,53,"B",0,3.0509144798944,-5.61461390248204,4.33962899251716,"A",31.7076793112232
8.97634427703612,52,"A",1,NA,NA,NA,"A",15.6813016115678
9.98486169963582,62,"B",0,3.64321719611021,-1.12549425219261,5.87860894659733,"A",-1.83622885413109
9.06405139883161,45,"A",0,6.98605200366961,-2.29969958686969,NA,"C",11.5427372588607
11.1022975462003,61,"A",1,NA,NA,NA,"A",27.0144330750687
9.52440692113094,61,"B",0,2.66252424352872,0.978652684049113,5.0843869852439,"C",2.28838593801153
9.29055996248749,53,"B",0,6.10488929050819,-2.08557395949922,4.68221298879742,"C",-14.2790760727546
9.49874193940524,59,"A",0,3.94053221986611,1.79416736205519,NA,"C",-20.2669320010762
8.3709065309213,40,"B",0,8.84191465875362,-4.18516514480452,4.57986815308501,"A",25.3343630022665
8.83238073790581,57,"A",0,3.27131610549996,-0.611625185729431,NA,"B",1.33805929370441
7.81996035105133,56,"B",0,6.85773299801351,1.5831319822152,5.17874256838475,"A",11.0088880813698
8.65900680789997,54,"B",1,NA,NA,NA,"B",-29.7246103939657
9.70570614123629,44,"A",0,6.83578606027116,-5.43200035340972,NA,"B",2.8118986709512
9.53410245959389,64,"B",0,2.71560691477822,0.46289635502103,2.91635610986771,"C",-9.10866036072005
11.4494962652871,61,"A",1,NA,NA,NA,"A",-9.17710162997516
8.93135727632542,64,"A",0,4.61809966409918,2.49313232884183,NA,"C",-13.2127192091271
9.14463536626249,48,"B",0,7.55793950466883,-5.35040502288606,4.99161784133083,"C",13.9933513565492
9.71937699804255,80,"B",0,-0.806516784901199,3.97894792589059,5.2634080120959,"A",-3.35919815397428
9.00565992370434,58,"B",0,4.28079110778589,-1.27551890046327,4.13802438507181,"A",7.94670817795287
9.03148568212795,80,"A",1,NA,NA,NA,"A",18.7676938564134
8.89268180735823,49,"B",1,NA,NA,NA,"B",24.3275140939597
8.74801411436106,54,"A",0,5.42236711880107,-0.509349640344122,NA,"B",14.5095055321556
9.47617188101264,54,"B",0,3.39701300704303,-0.291171150110377,3.18852229001289,"C",-2.90708870840256
9.5031500427333,62,"B",0,2.20686203580507,-0.523970090628535,6.16992415129467,"A",2.22720706774175
8.19396874319805,54,"A",0,4.91569656416485,2.96277085468172,NA,"B",-0.257219349455031
9.41792407531067,64,"B",1,NA,NA,NA,"B",-38.7882489926598
8.89111037557322,77,"A",0,2.00359291097777,4.85674240588991,NA,"B",-6.90356339743558
8.98503799050799,57,"A",0,4.52362256184297,-0.771710542305034,NA,"B",-16.2517962817963
9.83769047644318,71,"A",0,1.63225272919289,2.33411614407154,NA,"C",-7.50870920157534
10.5630558189945,75,"A",1,NA,NA,NA,"A",-31.9989493808487
11.6478174728151,56,"B",1,NA,NA,NA,"B",-55.4940306689934
9.22664657605631,63,"B",1,NA,NA,NA,"B",-21.8656397608375
11.6059096288573,44,"A",0,4.12607523577628,-10.0978842925495,NA,"C",29.0293151718664
8.84219145230559,63,"B",0,3.47242397240806,2.89444714027235,3.688273172934,"A",-0.766147269178829
10.6565884643328,74,"A",0,-0.0796689658875191,1.76320334505157,NA,"B",5.10931722702936
12.5489910707179,62,"A",0,-0.17949810175957,-5.20936433492078,NA,"C",-27.1825652174258
9.96523961019616,43,"B",1,NA,NA,NA,"B",-18.8636904283719
9.33036642033804,49,"B",0,6.99978757444898,-4.44027425333428,5.20500335063775,"C",-27.9615919178227
9.99239524428902,44,"A",0,6.832031228995,-4.78725709235843,NA,"C",-4.1719382718199
11.7770844481434,79,"A",0,-2.90408575436517,1.25921535462057,NA,"B",16.0882319228815
8.86139226324909,48,"B",0,6.47418242849311,-0.791893643314822,5.95021355586208,"A",9.11956721186876
11.3678271794233,55,"B",0,3.32305611408886,-3.50162942559565,4.62719519181003,"C",25.8729336661472
11.3295647907824,46,"B",0,2.85047787388511,-7.71444029002576,4.8507873571005,"A",-10.6210459996064
10.3364727972038,41,"A",0,7.31121922928031,-7.61607091171553,NA,"B",-14.1491091071285
10.006892838442,47,"A",0,6.96257808926714,-7.44374771761441,NA,"B",-45.4831279621776
9.54453126183857,43,"A",0,6.26187090735827,-5.20464583181028,NA,"B",6.52440853566301
9.63347606712607,76,"A",1,NA,NA,NA,"A",-8.60929356297064
10.6482865675031,47,"A",0,3.41302625217666,-4.74976028930945,NA,"B",-18.8361922664818
12.0702708613309,58,"B",1,NA,NA,NA,"B",27.0605478369049
9.84660158753303,73,"A",0,0.817028755381839,4.31190031382364,NA,"B",-4.12207397484319
8.60929905329851,49,"B",0,5.8325761318884,-2.23788039340573,5.01183954084727,"A",-15.4945758620997
9.27641822288984,65,"B",0,2.62279889862815,1.54834329502879,4.8835650214883,"A",25.0499093818628
10.2582617621679,70,"A",0,-0.190099200246936,1.76641582118653,NA,"B",11.6842555835198
9.6829408850388,51,"B",1,NA,NA,NA,"B",17.6594106979496
9.8222100423357,63,"A",0,2.33840443600456,0.0956836363758539,NA,"C",17.1267447218082
9.83000592314546,41,"B",0,7.46722225376751,-5.28590692993747,4.93220275298714,"A",0.282772730233251
8.62769811412331,44,"A",0,8.32174930314664,-1.44754855255426,NA,"B",26.2306098435233
9.82621282958597,59,"A",0,5.02823387084971,-1.1958408868725,NA,"C",19.1749832579053
10.8502322571219,51,"B",0,4.79684298040747,-6.56922412044089,6.36441064967075,"C",-4.60806766922325
10.6976087116683,58,"B",0,2.29352887361109,-3.07516028488285,6.14095787081644,"C",11.3860624533309
10.5499973510911,68,"B",0,0.663665054928042,1.32231369253779,5.87877961573471,"A",18.6458271699731
9.59726802455238,40,"A",0,9.13801759608291,-6.78825067902669,NA,"C",-5.00232868515656
9.80840622952152,79,"A",0,-1.79631953030206,5.13235703488744,NA,"B",-6.39049261386676
8.80547212039749,52,"B",0,5.67615960605495,-0.420284757268782,6.38438037496282,"C",-16.1013357855015
9.94684118125668,78,"B",0,1.84613741882692,4.22373367492609,3.85052117975747,"C",7.19322627758584
10.2551960009958,67,"B",0,0.967714260764297,-0.0861825387397398,8.04137005820899,"C",50.0330473670223
11.7059640072401,72,"A",0,-2.29672720525408,-1.02351790310594,NA,"C",-5.78289827947382
11.0015132523634,45,"B",0,5.280736897764,-6.65932130328323,7.63980862992207,"C",25.1990063973261
9.50441655699854,60,"A",1,NA,NA,NA,"A",-12.8672011712913
10.3555502969997,47,"A",0,3.82004184183404,-6.52774176471115,NA,"C",-45.4285402847228
8.86539195646615,41,"A",0,7.71913712945864,-5.1863164119641,NA,"C",-2.95584963667738
10.8782036269523,75,"A",0,-2.0637909921809,0.32986143988239,NA,"B",3.33148898886618
10.9729167533761,49,"A",0,3.76472342797123,-6.95222699236413,NA,"B",26.7757246125149
12.1211171053757,56,"A",0,2.93704570303286,-3.80232528234957,NA,"B",17.8546013736745
10.414523534375,57,"A",0,5.15251996631893,-3.97750346947035,NA,"C",-16.0066607324775
9.52528152647064,78,"B",0,-0.832862896054336,3.87299147662748,5.38674011005189,"A",-4.45874094142908
10.0659934937045,68,"B",1,NA,NA,NA,"B",-14.8140441412803
9.49752221760613,73,"B",1,NA,NA,NA,"B",-19.8795949182443
9.17400141287066,61,"B",0,2.58081329471436,-0.449912430109445,3.12372652346044,"A",-19.8169516567674
10.166989279753,65,"B",0,1.81366944343386,1.00828890423248,4.16331994980522,"A",-25.2876655011874
9.10373537375524,61,"A",0,2.64783411482383,0.922096877959776,NA,"B",-23.2443457359689
10.1681853876558,67,"A",0,0.614205055067716,-0.767910391902741,NA,"C",45.9555526469183
10.3549682610149,79,"B",1,NA,NA,NA,"B",11.374202576823
9.94789488312887,61,"A",0,2.76365372700668,-0.848527905538279,NA,"C",-17.7243356655642
9.80406538128375,66,"B",0,2.81231640409299,1.28329155096619,6.54246283173142,"C",-0.756338898682487
9.35093024839424,60,"B",0,3.24419104776085,1.33814727593468,5.97938292901504,"A",-2.23851150506406
8.89023276860127,55,"A",0,5.67618501771106,-0.484134070406742,NA,"C",11.6509310667546
10.8492742026551,40,"A",0,4.44209546136269,-10.2993710857229,NA,"C",-17.8121080691344
10.022362526076,53,"B",1,NA,NA,NA,"B",-42.438828560253
10.8311406173068,76,"A",0,-0.185479380894831,1.59789404616682,NA,"B",16.4508649064377
8.75571214865577,62,"B",1,NA,NA,NA,"B",15.3861978649361
10.1690264137662,44,"A",1,NA,NA,NA,"A",-7.42977597236444
10.6731663069477,48,"B",0,4.32511517841385,-6.98087634035771,7.71111481120823,"A",34.8763470104378
9.97372362355147,57,"B",1,NA,NA,NA,"B",-8.98350791631615
9.80860783144398,77,"A",0,0.617310719757068,4.32750628558697,NA,"C",8.85043250797669
9.21809335330012,58,"B",0,5.12074435499617,0.912861272428269,5.05406394965079,"C",-43.4808417134066
12.0581619877635,55,"A",0,2.177358957153,-5.88569839033584,NA,"C",42.4205681844947
10.7505014531558,72,"B",0,-0.654863944512529,0.898381741166857,6.1157841655732,"A",-1.3712034753454
11.8242083023783,52,"A",1,NA,NA,NA,"A",-27.8629018958411
10.080059641092,61,"B",0,3.70210506890249,-0.285696355870586,5.31779710251057,"A",10.3457299609329
9.36859070103363,47,"A",1,NA,NA,NA,"A",4.10113073315791
8.48671187996627,69,"B",0,2.91883893587126,4.51408355333087,5.59969690465033,"A",34.1736852364323
9.36390016891495,73,"A",1,NA,NA,NA,"A",6.28264572349415
10.2263015324972,54,"B",0,2.34744612632755,-1.92042041713798,4.21067258705737,"C",15.9416799790413
11.0136903474657,44,"A",0,4.36765170057926,-6.53242521547347,NA,"C",0.197810490337421
10.2527501350663,52,"A",0,4.38037409302129,-2.37660174726633,NA,"C",40.5679195615733
8.82805168715888,53,"B",1,NA,NA,NA,"B",-10.4759554796308
10.668714328525,63,"A",0,2.95930037673497,-1.12162090748055,NA,"C",-8.68285421067522
8.34989906515564,65,"A",0,5.73455656369782,3.8868314255974,NA,"B",-6.9535703995965
9.6341477518081,70,"B",1,NA,NA,NA,"B",19.3899852003111
9.68388167116692,58,"B",0,4.97650591016077,-0.328545165178198,6.35270086680642,"C",21.9766780497046
8.05175395267863,63,"B",0,5.20927221745793,4.45950894692447,5.10786872956237,"A",-6.91639260255324
10.9200575223909,64,"A",0,2.37346450568627,-1.78097545864167,NA,"B",6.65197859562912
9.37712840512112,63,"A",1,NA,NA,NA,"A",38.7265947833747
9.66596335000254,43,"B",0,6.04000623634636,-4.83515183301548,4.66711362264395,"C",39.1095968022301
11.3951478925296,69,"A",1,NA,NA,NA,"A",52.1602905067647
10.6366744110389,53,"B",0,6.37926491535252,-4.48820114925636,4.061584584135,"A",0.789969560155214
9.89156830300962,57,"A",0,3.13356335436226,-1.68520328768151,NA,"C",31.1340250099914
10.5137627784047,41,"A",0,4.98671282741283,-8.63090575323003,NA,"B",-4.81357674791473
10.399271807274,46,"B",0,4.34861859417915,-5.13702703073402,5.84015582416501,"A",-12.259248453309
11.6628564474304,48,"A",0,4.48517454406209,-9.19394370037713,NA,"B",14.0549868290375
10.2758934035855,69,"A",0,0.383632986614039,-0.205404703837415,NA,"C",2.39006763083633
10.5062726232077,75,"A",0,-0.906162361971322,3.75887965380715,NA,"C",-15.2409865409254
10.3475519750238,50,"A",0,4.34512217472864,-7.40785657517727,NA,"B",2.55783794549824
9.62276235250369,64,"B",0,3.490724202965,1.55891536328173,4.60662246822929,"C",-22.7034113074707
10.0976194631092,73,"B",0,0.244344517157594,1.5046637519422,5.57830603603116,"A",1.5054628646256
11.6387446451217,61,"B",0,2.04075345735091,-2.91910315086924,4.80823809071674,"C",5.05324233793008
9.12440752581043,76,"B",0,0.760834074605624,5.85274726156356,4.7177757258811,"A",29.8486117651581
10.121759998641,47,"A",0,6.63240347588884,-5.06570793166505,NA,"B",20.1096463937907
11.362130660845,74,"B",0,-0.345485485736117,1.03804775238062,5.58019467953002,"A",5.99923046868657
9.76537891307729,51,"A",0,5.55098986476294,-2.98420892776553,NA,"C",34.5178423952959
8.94661719205691,55,"A",1,NA,NA,NA,"A",-9.04978365374491
9.13021639436409,46,"A",0,4.83607224703939,-4.63049133290055,NA,"B",-1.82250172520591
9.60987297035295,50,"A",1,NA,NA,NA,"A",-16.0907497174366
9.15264992687043,61,"B",0,3.26291676658715,0.486623572593313,5.67752924877121,"C",7.79934575473807
9.7393606079006,54,"A",0,2.90552251191594,-1.66185197300727,NA,"C",-20.7395774812327
9.58558029365811,71,"A",0,1.39461767802641,2.02461811978614,NA,"B",8.59527921259976
9.81694920228057,45,"A",0,6.79927266748478,-6.755569944992,NA,"C",-7.87059951184041
10.4070560978806,65,"A",0,2.16400123960172,0.134923281338492,NA,"C",2.93966554886063
10.6246331282021,65,"B",0,0.681639832203095,0.589201601128872,4.03732960401087,"A",-44.3828596044173
11.6782057437047,51,"A",0,3.47824184815604,-6.78677601210677,NA,"C",26.5360770850556
9.93130634643501,65,"A",0,2.46466225883422,0.34342775174894,NA,"C",-14.8987812505304
9.67916008734182,69,"A",0,3.34989889422347,2.32196376742276,NA,"C",-11.5926895033612
11.4710057170489,62,"B",0,0.0106932181882176,-2.15964569552249,3.39006206516437,"C",-19.2113581236346
11.7043293978271,66,"B",1,NA,NA,NA,"B",9.65989741712181
10.0432440375575,67,"B",0,1.21551795701206,1.07218299699397,5.01078238682503,"C",0.852480860305333
9.66734268086648,72,"B",0,1.17986678615638,3.21890200605548,3.58130378610817,"A",-17.1813906420394
8.1777645824369,43,"A",0,7.08969171570169,-2.36775718035761,NA,"B",-4.49460604829989
11.4112623987468,53,"A",1,NA,NA,NA,"A",-6.62296473401807
9.16241756592314,40,"A",0,6.29233726605958,-4.88444391295876,NA,"C",20.8626844709249
8.87623720560468,44,"A",0,7.23300515026544,-3.40746219773278,NA,"B",22.5496289666867
13.0437658860953,47,"B",0,2.76500238027656,-12.5684681250252,4.41678945345538,"A",17.2492012612763
10.2350213082507,59,"A",0,2.70871925374617,-1.82016726037726,NA,"B",7.51273040257517
9.96674138988669,62,"A",0,1.78204979710594,0.258294812980476,NA,"B",-7.77342791714538
7.2677804770442,65,"B",0,5.3421727012379,6.27566751368195,4.48563289865332,"C",-40.2946655588794
9.9002094115581,49,"A",0,6.22145622594323,-5.04854781596065,NA,"C",-4.86567891556643
10.9760317349224,78,"B",1,NA,NA,NA,"B",-0.0323537989461419
10.4138689154511,72,"A",0,1.59854052388656,1.06772012027914,NA,"C",14.7322934893274
10.9123221616101,59,"B",1,NA,NA,NA,"B",-6.08862542715244
11.9837322006844,77,"B",1,NA,NA,NA,"B",-19.4318848288748
11.1691085140136,67,"B",0,1.22682480907589,-0.322825023772491,5.99483106273973,"C",-1.33478172938987
9.49126298458478,51,"A",1,NA,NA,NA,"A",-0.604965751122018
10.7041801784655,59,"B",1,NA,NA,NA,"B",-4.1691594986587
9.80158372617792,64,"A",0,3.08495723611522,0.433745797506158,NA,"C",27.3115611249093
9.46192921111514,80,"A",1,NA,NA,NA,"A",-21.6908082116117
7.14424134498076,76,"A",0,3.0333255694206,10.4216509475212,NA,"B",-16.9913390098099
9.21035314773624,77,"B",1,NA,NA,NA,"B",7.60144258948893
10.4878146351637,75,"A",0,-1.02799266003906,2.19800042989374,NA,"C",3.32304954836283
12.1680325395193,56,"B",1,NA,NA,NA,"B",-32.278159732638
10.5006946142808,50,"B",0,5.50732486200804,-5.2041019717757,3.73207987577364,"C",-33.0579482029867
10.6202102036673,58,"B",1,NA,NA,NA,"B",-2.53058342055142
9.03409678986642,50,"A",0,4.80422321559202,-1.61932272674161,NA,"B",-46.5030546758602
10.1626547081183,60,"A",0,3.34203312605538,-1.78571084444876,NA,"B",9.84497742377527
7.92176245811262,51,"A",0,7.74041809706514,1.07066582009864,NA,"C",3.90188206296103
10.4852268205693,62,"A",0,4.230239527182,-1.60269714412065,NA,"C",15.3976495333437
10.6967687785649,57,"B",0,3.71320787081828,-4.10387527882207,5.02177759919737,"C",8.09666046224186
10.1855139155831,51,"A",0,4.6057707499822,-6.20961036822988,NA,"C",-21.0657436950956
10.7007335155445,59,"A",0,2.6608381640012,-3.57486734455883,NA,"B",5.4666821497112
10.3116810286614,61,"A",0,1.57228652634618,-0.914225397358984,NA,"C",25.4470557859919
10.7604623619678,71,"A",0,2.24647146297812,0.314487531738138,NA,"C",-22.6173366768665
11.8424636262077,49,"B",1,NA,NA,NA,"B",-4.2240226047796
11.1123628412626,43,"A",1,NA,NA,NA,"A",-32.1641429937772
10.0326639575014,45,"A",0,6.73672482489865,-5.42736921167094,NA,"C",0.116718068021643
8.88555103520264,68,"A",0,0.961987649972075,3.3989350741491,NA,"C",12.8864363642658
10.4180578223851,72,"B",0,1.14329994766641,1.46322349415495,4.93460449246636,"A",-23.8983466890308
9.59976476265684,59,"A",0,3.90632363064716,0.575101256260115,NA,"B",5.72421458261006
11.4934931026175,70,"B",0,-0.643649842484221,-0.652559903439001,6.24369083450269,"C",-12.1301181225015
8.39291906015028,44,"B",0,8.27171780658755,-2.40208045064846,6.11412556472886,"C",-14.8790705467217
9.58424821159849,51,"A",0,4.74494719770213,-0.853695108531468,NA,"B",-1.6338263891084
10.4220083732174,49,"B",0,2.51911444363642,-5.35433428846235,3.90582303469896,"C",31.1026234990818
9.84826346346502,76,"A",0,0.621789929102046,4.80605159254424,NA,"C",-16.7303457305599
9.39384888473578,49,"B",0,5.35107315257995,-3.43382498578702,3.82335329289862,"C",11.7155391169766
9.69527893103329,57,"A",0,5.43615316980359,-1.8270644886576,NA,"B",3.21791863241835
10.6295360998845,69,"A",0,-0.287016475711232,1.28913560452431,NA,"B",26.827438262331
10.8951719802755,55,"B",0,3.78897999474549,-4.43845490116646,4.00067794438554,"C",-17.8768016666774
10.6602126318204,74,"A",0,0.102606727876902,1.15180210162902,NA,"C",22.5010536139932
12.2734835204475,46,"B",0,3.47963218723312,-10.0738563473286,5.85857274716164,"C",-0.71990538415084
11.1734975726324,58,"A",0,1.08089518512465,-4.12995689882879,NA,"C",6.09157791291459
10.2877097283138,60,"B",0,2.90016068013745,-1.09211258531213,5.69127262124288,"A",6.76820099347154
9.34022990617869,57,"B",0,2.92877278372708,-0.566327651545521,4.66713332053985,"A",-24.725452319729
12.9191401307176,58,"A",0,-0.282383908623577,-7.31477377436841,NA,"C",-4.20549103755965
10.6774155004383,78,"B",0,-2.00306085876807,4.88262034506552,3.28172811135476,"A",-16.4977443933033
9.31567965586399,61,"A",0,4.73344012245494,-1.09541807279671,NA,"C",5.78420176767731
10.186492083081,73,"B",0,-1.3974570905678,2.16597138713039,6.33033001889087,"C",18.6084598497801
9.67560669951634,67,"A",0,1.06598912340902,1.6444236711784,NA,"B",-1.84821026524553
9.72529578177419,64,"B",0,1.11541907414199,-0.625947013591433,6.40437355070227,"A",-46.5974911631503
9.06649665941013,73,"B",0,1.73092095941874,7.36396974884055,5.43985967198879,"C",-31.7183573032861
10.1168453449861,69,"B",0,1.58677457674603,0.940743242692325,5.21567996969229,"A",12.0366293048741
10.3191602386481,65,"B",0,3.43126216135767,0.890435973855239,4.16043605957652,"A",-24.4264891914662
8.92245787724057,80,"A",0,-0.663816034548031,6.62009842439097,NA,"B",18.2498822666824
6.76684786707686,74,"A",0,5.09247061807114,8.89674166675013,NA,"B",40.8994705050769
9.74512534734547,63,"A",0,3.15964134013028,-0.591825786276238,NA,"C",3.51075568617005
10.0295178303215,75,"A",1,NA,NA,NA,"A",-0.973964817091094
10.5942737741105,62,"A",0,2.79533193705854,-4.2551180891293,NA,"B",-19.9084063503078
10.0591351681788,40,"A",1,NA,NA,NA,"A",-0.736024771920722
10.413398894737,77,"B",0,-1.02664125230716,2.84572852602343,4.33206171570308,"C",-13.8927268127354
8.90222782542958,54,"B",1,NA,NA,NA,"B",-21.262464128239
10.7111752572704,68,"B",0,2.84609524816234,-0.319177759128431,4.82705661203656,"C",-11.3954624794399
10.7188887298541,69,"B",1,NA,NA,NA,"B",25.0774486446041
10.251651069029,40,"A",0,6.83384255969233,-8.41384193604925,NA,"B",11.3752549106019
11.3572744361518,45,"B",0,5.14239281195465,-8.43777537553096,5.87970233738152,"C",-22.4681182361979
10.4044684712786,76,"A",0,-2.843649480964,3.47083500334012,NA,"C",8.4872741050188
10.2643642698379,46,"B",0,6.17290858112821,-5.28235924527913,3.50989071296207,"A",-7.32489175121266
10.2680439041437,60,"A",0,0.821700743142498,-1.5904728714901,NA,"C",-25.6044804693923
10.4369305770395,64,"B",0,2.17230393078351,-2.30745441363858,6.25170413109103,"C",10.4391341568086
11.0601239054874,60,"B",0,0.166552695267014,-2.51038159832927,7.08247273578487,"A",3.64180587258502
10.4521903965287,53,"A",0,3.28315444950441,-3.36548107522321,NA,"C",-9.7094877373596
10.6631986156871,57,"B",1,NA,NA,NA,"B",-28.7241744094925
8.86362644600917,41,"B",0,7.24095405309249,-6.10821011423484,6.12265888209484,"C",-12.3028413504892
9.62950248290788,70,"A",0,0.150575463226725,3.04683887148523,NA,"C",15.0955140322354
11.4769695897925,73,"A",0,0.803890347536503,-0.175403224137785,NA,"B",17.5258946077647
8.77609624948624,47,"A",1,NA,NA,NA,"A",36.8385039477865
10.2580683873961,48,"A",1,NA,NA,NA,"A",35.2908140096759
10.4050028054335,50,"A",1,NA,NA,NA,"A",-15.8752607107971
10.9758033218094,66,"A",1,NA,NA,NA,"A",27.803419557871
9.65112326346009,72,"B",0,2.89589113496943,3.85677103070201,6.47929760840955,"C",0.655745745416633
10.1586254394913,67,"B",0,1.49510829068066,-0.0909829340523509,6.20631205327699,"C",-14.0347419681661
8.23674493345885,74,"A",1,NA,NA,NA,"A",-2.17824572304327
10.3385960470999,78,"A",0,0.262448453879456,5.58405632866753,NA,"C",-6.07733642686143
9.33343497044073,50,"B",0,5.02763852424843,-2.3232143212982,5.60989975618154,"C",-46.1421892448042
9.76135337567236,63,"A",0,1.31230584747677,1.16372636671724,NA,"B",3.1989931018265
8.81223471754281,76,"B",0,1.34876993364037,5.40384772373724,5.07782035798338,"A",16.4795477679709
10.3849353217686,70,"A",0,0.162396663123994,0.9040218288765,NA,"B",-12.4314899852415
10.6665795156545,50,"A",0,4.18957863730926,-7.44454173800138,NA,"C",-4.77288323514008
9.69538611054226,75,"A",0,0.824913018442366,5.77112825070344,NA,"C",4.23228448792914
11.8250110640863,70,"A",0,-2.40735050066829,-0.90158260432697,NA,"C",-2.70160649776962
10.6705593705676,54,"B",0,1.96094890177824,-5.10346140863847,4.64391578516493,"C",32.2429733282374
10.9486325732552,58,"B",0,3.62258713172533,-3.2518840795461,5.55213710724665,"A",-19.9525545927238
12.0494030016709,42,"B",0,4.56605495586231,-9.92277582942202,5.44917511954777,"C",9.50581489713443
9.34888639076246,70,"B",0,2.67140556749219,2.31093489254112,6.23074133402351,"A",-3.05780175429157
10.8086192728463,62,"B",0,1.63758076154006,-2.98207168667923,5.96515461613255,"A",-16.2658720517496
10.9865806139546,66,"B",0,1.35763273514604,-0.562214327795172,6.56168460211253,"C",-39.0054403059142
9.9938292039093,77,"A",0,0.0585304641992838,4.55609630749326,NA,"B",-5.80281825059608
10.3190523579319,79,"A",0,-1.92206616264611,4.86853245660826,NA,"B",18.2294750597787
8.98817809725816,43,"B",0,8.63736772009475,-4.32692853332278,6.55722150429562,"C",26.2432412928433
10.4701675477264,61,"A",0,3.1903302353426,-2.11560441936552,NA,"C",-14.421391480978
9.2990296683709,74,"B",1,NA,NA,NA,"B",10.3619416702768
10.8136828625265,80,"A",0,-1.83251949399489,3.85632460053995,NA,"B",19.2422360804257
9.18856921600723,59,"A",1,NA,NA,NA,"A",12.501430252238
10.3193974870995,65,"B",0,0.0299509980330661,-2.3410631521715,5.51409650722149,"A",-21.73385913078
9.15347734683638,62,"A",1,NA,NA,NA,"A",32.7071533360132
9.75423682087127,56,"B",0,5.74359238975431,-2.17745073569299,4.1340622303646,"C",-22.5054567866585
8.44714098889454,54,"B",0,5.58105780290354,0.117399529556676,7.58007784938081,"C",12.8330955821109
10.1284340329258,61,"A",1,NA,NA,NA,"A",40.1597775994258
10.9854433894049,74,"B",0,-1.16546143201087,1.43132140676507,4.06784430476828,"C",14.6073155986106
10.1832475230672,80,"B",0,-0.551333223002985,3.96846130679489,3.36583536651966,"A",-28.8186990568251
8.23377078656954,77,"B",0,2.5307513196428,6.61268923850871,6.14526199164209,"A",8.35895015379318
9.37946630338406,48,"B",0,6.5203176732847,-0.9955126301367,4.12672952061607,"C",-19.593843611108
11.6560430369987,78,"B",0,-2.85785753410102,1.99335241093849,4.84237720634994,"A",-5.35656611101236
11.8098053855839,43,"B",1,NA,NA,NA,"B",-10.1859173257793
8.82496323198787,46,"A",0,8.59810914351553,-1.85250513516257,NA,"C",21.3046161728593
9.63329674117236,79,"B",0,-0.461087789843988,5.29466627804392,6.66262494013238,"A",-11.0280902339458
10.3536254489273,71,"A",0,-0.149206908874752,0.516009014182438,NA,"C",15.0516580239094
10.3191562208679,60,"A",0,2.15173404931709,-2.35150505105855,NA,"B",-1.60662217140928
9.4200430109806,54,"A",0,5.69522125948242,-2.70279294797492,NA,"C",-26.9264563109256
9.04672129805309,46,"B",0,5.3302793830806,-0.700724135969154,6.09024282511803,"C",-13.1843054935257
9.82057141305438,46,"A",0,5.63668785254468,-6.00367916296647,NA,"B",7.64725133947441
11.0098082149443,63,"B",0,2.64545464286244,-2.84877105156206,5.43986905217018,"C",-14.5801664033126
10.0236266149214,66,"A",0,2.33587930648913,1.20370172996374,NA,"C",9.56922026800857
9.3509717804161,80,"A",1,NA,NA,NA,"A",-6.38047229558961
9.49562577795181,60,"A",0,3.70543132236964,-1.68494393387241,NA,"C",51.3456060596537
11.6143914954584,55,"B",0,1.66919590282535,-5.4841127395198,4.87730320126349,"C",-22.0495781006228
9.55304018874434,72,"B",1,NA,NA,NA,"B",-7.74047523330876
10.7631767611133,49,"A",1,NA,NA,NA,"A",-12.2585326069244
11.4717186861858,79,"B",0,-1.45965039949939,0.642305620681473,4.66520277850892,"C",14.990414661268
10.4436649036874,52,"B",1,NA,NA,NA,"B",22.7429313850345
9.57827812992981,74,"A",1,NA,NA,NA,"A",19.4388234791936
9.95999837379393,48,"A",0,6.59455295755702,-3.99586555184059,NA,"B",-23.278055779444
9.50772003177211,49,"A",1,NA,NA,NA,"A",33.5339302595063
11.2277171173128,53,"A",0,4.19344692185333,-5.63200245978032,NA,"C",-15.1682090681728
9.85044643475561,62,"A",1,NA,NA,NA,"A",32.3257758281104
11.5499833839825,65,"A",0,-0.044594332257783,-0.717912222100613,NA,"C",3.15244635513531
9.43838746461869,77,"A",1,NA,NA,NA,"A",-7.61545471083581
9.35288274936764,68,"B",0,0.842142557452299,3.31137935992127,5.5679523531378,"A",30.2562245633784
10.1431321590504,76,"B",0,0.678665109256174,2.3806751873149,4.55800840053393,"C",19.3405147748651
10.0241886479911,61,"B",1,NA,NA,NA,"B",25.0372161159242
9.49554847541913,42,"B",0,7.48981656892726,-5.40447122620882,3.2381738789338,"A",20.4426747006256
8.41860319006966,50,"A",0,6.48878816252784,-0.524555237771138,NA,"C",20.9203619028693
10.0300664212554,73,"A",0,-0.16698265955489,1.90548084660111,NA,"B",6.64227393817982
9.2834233009293,80,"A",1,NA,NA,NA,"A",-2.25333136798171
11.0826109554761,55,"B",0,2.69296977649602,-4.10173067902744,4.86763147277911,"C",2.03529716970373
9.04731454506071,55,"A",0,4.79289761810161,-0.913589774519831,NA,"B",-22.8086717795504
11.1264827290092,50,"A",1,NA,NA,NA,"A",12.3146689999632
9.35095698262088,59,"A",1,NA,NA,NA,"A",-27.7417483990815
10.2924700784067,45,"A",0,5.59544990155928,-6.00055158151354,NA,"B",2.45713117683931
10.8987027244027,80,"B",0,-2.32198887343542,3.90420257526864,5.32347102521106,"C",3.21008545271057
9.48125764320813,55,"A",1,NA,NA,NA,"A",24.355066722195
10.5544385523451,78,"B",0,-0.494168398800072,2.64400383436211,5.06375015110774,"A",-35.891350805182
9.91202632881599,70,"B",1,NA,NA,NA,"B",23.0261170280082
8.86478707059248,44,"B",0,7.43500755615181,-1.73911918412131,4.0561326508716,"A",12.7873990593596
9.7299203890001,77,"A",0,0.330078629912865,4.28091558208902,NA,"C",-5.44133593636094
11.6197898775349,79,"B",0,-3.98803162810148,1.34578461345363,5.18411953937326,"A",0.692752234941966
9.78586882630336,62,"A",0,2.70605847988096,-1.29866293687422,NA,"C",-27.9159668730285
9.18221753707504,50,"A",0,5.93520496608096,-1.37978886427697,NA,"B",-36.9650845677588
9.94597707591839,59,"A",0,2.96680548328406,-1.67349856296207,NA,"B",-26.4565146577954
10.3301416098579,43,"B",1,NA,NA,NA,"B",1.64399749102684
10.9553246146574,57,"B",0,1.20417317094512,-4.97594064964593,5.0234388559618,"C",9.59845775421648
11.1439598777924,49,"A",0,1.24819088541742,-6.10195230915264,NA,"B",5.21084107297096
10.1005223983751,74,"A",0,-1.10748534716683,1.38780404483498,NA,"C",-13.496109316398
11.1645752456574,79,"A",1,NA,NA,NA,"A",-15.3385794760001
9.23574005220085,45,"B",0,8.52327197442912,-3.67268128810731,6.0722458639509,"C",-24.7106260415697
7.6554865953097,56,"B",0,7.70787118409362,3.53929624362576,5.97413863326849,"C",-0.476257564010243
9.52831657447046,64,"B",1,NA,NA,NA,"B",-21.4569862193984
9.48414451049261,60,"A",0,2.6753066067052,1.88404267901303,NA,"B",14.0338373810302
7.68396384849744,74,"A",0,3.59692074691947,9.77692224567646,NA,"C",15.920169142346
10.5624717569695,46,"B",1,NA,NA,NA,"B",-0.987428724779942
9.21622486057762,75,"A",0,1.23756919252535,5.72672112128246,NA,"C",4.98348571147048
9.77394601377184,57,"B",1,NA,NA,NA,"B",18.8794991313888
8.41289701234596,67,"B",0,4.25957930540412,4.0630586925027,4.25007944852109,"A",30.0441660710107
10.5475242018683,42,"B",0,7.69161417658925,-8.81223937605126,4.96189938964579,"A",2.42780851386586
11.8912270173555,45,"A",0,4.24098927448844,-9.23559871084265,NA,"B",-8.02562317557618
9.12192288977596,59,"A",0,4.10689583692715,-0.932076310750625,NA,"C",19.6153304297268
9.88744108895521,48,"B",0,3.51192455261808,-5.06886637029567,5.73872103500458,"A",12.6139879259382
11.948713064976,68,"B",0,0.231756595704802,-2.50627494257331,6.24054859264869,"C",15.8590314581236
10.9338163322077,49,"A",0,4.13032934634547,-6.89842241807229,NA,"B",30.1729262306184
11.913059421697,80,"B",1,NA,NA,NA,"B",-14.0095590462974
9.99476594206806,43,"A",0,6.52610988231714,-5.09288312317129,NA,"B",-8.22351872823625
9.84773995107837,44,"B",0,6.799218581338,-5.97019606825009,3.86015661733908,"A",-14.8393332547041
9.49036834282088,61,"B",1,NA,NA,NA,"B",3.09382693532269
11.4345737034261,80,"B",0,-2.9676755409425,1.83978879349011,5.41101383317165,"C",-50.1314904761646
8.71416146766701,76,"A",0,1.22759754380118,6.62411547209216,NA,"C",26.2353561804794
10.307314215255,42,"A",0,5.11286249054238,-6.76119665968118,NA,"C",20.9023583208126
9.95368146672262,40,"A",0,7.07425693117304,-6.23208434914255,NA,"B",-0.274184455283421
12.2518418001269,43,"A",0,4.2167950897519,-10.3195098960327,NA,"B",-40.5142124753599
9.39196627139029,71,"B",0,2.9824937048742,1.89489256693982,5.58884710840556,"C",-3.08340530744807
8.49071183014896,49,"A",0,8.02269759878591,-2.60862228341017,NA,"B",13.5709699874654
10.2326317695086,57,"A",0,2.62140784802872,-1.17009635758528,NA,"B",36.9587182787866
9.96035130394891,67,"B",1,NA,NA,NA,"B",37.0653800440744
9.16087493249465,49,"A",0,6.72656515856227,-2.35214692433771,NA,"B",0.131232412675142
10.1322910882442,41,"A",1,NA,NA,NA,"A",-17.6797817096906
9.72447525329406,71,"B",0,0.0632408325192617,2.99210012130753,4.69913979776741,"C",29.5030777536668
9.32124135873197,51,"A",1,NA,NA,NA,"A",27.4713824184728
10.5008359317758,70,"A",0,0.340744461031795,-0.383592647146712,NA,"B",26.6524929116889
9.66833768799321,80,"A",0,-1.21690486336509,6.97802547710774,NA,"C",19.6373801743689
8.16501974922747,62,"A",1,NA,NA,NA,"A",-51.7576642666217
7.34825875162732,57,"A",0,5.00049100631725,3.57398537831347,NA,"B",1.55011794584883
9.41941782791558,47,"B",0,7.50357522220428,-4.44976193912979,4.13254931382304,"C",-9.83330651535881
11.4541868708712,42,"B",0,5.31859111253176,-8.37063551147537,4.26363628124907,"C",7.50630816410295
10.8381293799647,49,"B",0,4.50350456561075,-5.54791928348705,4.63180609130663,"C",11.0830571498007
11.2150535804461,66,"B",0,0.536204953023122,-1.44493394887036,5.62832396040437,"C",8.00820938253584
10.9825054427328,42,"A",0,6.37702603916776,-9.39209085309387,NA,"C",-5.95258224863158
10.3157640240184,47,"B",1,NA,NA,NA,"B",-2.25126676435795
8.49293737228368,79,"A",0,1.05915180417972,7.37744958256654,NA,"C",-6.02898657702317
10.2055697871663,42,"B",0,8.84042598676544,-7.1868948261122,5.1101962144868,"A",-5.39795069313539
11.5972280903438,57,"A",0,1.52744783967208,-3.93862404310328,NA,"B",7.45044559826615
6.60393646542564,75,"B",0,4.23691110376079,10.9524725802143,5.83808834708902,"C",-14.3044136201509
9.21864771569792,49,"A",0,7.27367874514468,-3.31367048206979,NA,"B",-25.45326562809
11.1024646407519,72,"A",1,NA,NA,NA,"A",-7.12031363380891
10.5287450194453,40,"B",0,5.17077943221215,-8.91800624111562,4.5199070982832,"C",-16.9525816678338
10.7893944035149,76,"B",0,-1.40769899251891,2.98660615060075,5.87052563899758,"A",9.78137110288976
10.4570995058561,53,"A",1,NA,NA,NA,"A",-11.4784642051275
10.5388331156581,66,"A",1,NA,NA,NA,"A",14.3766401410625
10.0146431224111,51,"A",0,4.98962335438133,-2.02574511550862,NA,"B",-13.7363287183902
9.08351086429691,43,"B",0,6.79057396325397,-4.65271449773275,6.47733324836137,"C",3.20429977122099
8.77318490923235,43,"A",0,8.17459765369622,-2.98220394680354,NA,"C",-10.8253567198787
10.0361528681302,63,"A",0,3.71835827943905,-1.30365520188963,NA,"B",-23.2307518446496
9.57860688642861,80,"B",0,-1.28510591850767,5.7024968566546,3.66134532994977,"C",4.57986308624094
9.1006355915371,51,"A",1,NA,NA,NA,"A",3.95008543735935
10.4174413174866,73,"A",0,-0.67559555499109,3.06937182557216,NA,"C",31.4050604848099
10.153444736864,79,"A",0,-1.06509080458798,5.06391581849108,NA,"C",7.50163070718012
11.4632830451932,42,"A",0,4.4142753189952,-8.74326179248144,NA,"B",23.1585120497898
8.87849750267446,73,"A",0,0.236070208471054,4.91094477178502,NA,"B",17.2655872404875
9.48221191694498,75,"B",0,2.2642735070745,4.91680923596026,5.62538268128019,"A",-4.88319440316782
9.92505291166148,77,"A",0,-0.864262537894692,5.00024945009333,NA,"C",-30.8487971039123
8.59220991856092,74,"A",0,2.55638995276131,4.67712522670236,NA,"B",-3.28149769088615
9.71529413188952,71,"B",1,NA,NA,NA,"B",-11.6157933959936
9.29182882178662,69,"B",0,1.49133955537968,2.41450521250797,4.54915378206969,"C",9.61941110325051
7.85236099886248,50,"A",0,7.5608739939591,-1.0704606382914,NA,"B",-3.74209859788776
9.71616283938864,66,"B",1,NA,NA,NA,"B",41.6629439603181
9.46592783602391,47,"B",0,6.9340029739561,-2.69948635551817,4.44531286078278,"A",-28.5078211556943
11.1330101941542,62,"B",0,1.97073160836273,-2.95189218366974,5.11884949190656,"C",12.2176239389906
9.39593107715234,79,"B",0,-0.0761922649266792,5.22286578999796,4.90611290922988,"C",14.0446115355828
10.5575115955925,70,"B",0,0.185222152432871,1.95203212717295,3.70917920808676,"C",22.7440132324731
10.1426292932551,80,"A",1,NA,NA,NA,"A",-26.7558213169754
8.76313978515468,46,"A",0,6.23668979048396,-3.48137389213787,NA,"B",20.7383339458985
10.3741439725032,60,"A",0,1.45235263998956,-2.20220498196383,NA,"B",8.22927232210812
9.89391387653355,50,"B",1,NA,NA,NA,"B",4.5995093008951
10.166061986509,61,"B",0,2.64273494771817,-1.37785383831814,3.31738796014465,"C",-6.6747666262437
10.6580348483424,46,"A",0,5.78720541650133,-4.25720547494234,NA,"C",-36.8807337153277
10.1139629199714,76,"B",1,NA,NA,NA,"B",-19.1185081203376
11.5851591640312,57,"A",1,NA,NA,NA,"A",-28.4336247115814
10.1155534404433,62,"A",1,NA,NA,NA,"A",14.3145865797249
8.74600096071648,62,"A",0,3.56911256100206,2.49066372939874,NA,"B",-0.321879543781038
10.7418647793007,78,"A",0,-1.39337275176115,3.34216950155315,NA,"B",6.03895115561377
8.77709838500015,69,"B",1,NA,NA,NA,"B",-27.7986806229449
8.08110586823789,47,"B",0,8.58662765137697,-1.3860151810356,5.49225663768649,"C",4.72411237810377
9.19006361007921,68,"A",0,1.52485967773642,3.52606763404253,NA,"C",16.4452484174127
9.25532277121472,44,"B",0,7.80186792978703,-5.38816008751774,5.44236247221417,"A",-27.792467635551
9.3924940773068,77,"B",0,-0.510935105541799,5.98781018097662,4.18641019837198,"A",-3.76918611504356
11.6067595660649,78,"A",0,-3.91664836892224,1.65021486373406,NA,"C",-23.8667825203971
11.6355994462836,69,"B",0,0.847378778727392,-2.52473474862534,5.24324120887366,"A",8.87262910767034
10.7260910966985,57,"A",0,3.01839893436648,-3.07748411964006,NA,"B",12.8171561979084
8.72616507495654,76,"B",0,1.13032955185003,5.49765439840323,4.74100132043972,"C",14.6074800638414
10.0231465554333,53,"A",0,3.667232777205,-3.08251578799661,NA,"C",16.8837283646259
10.4871212338265,75,"B",0,0.755332267619912,2.75702816096974,4.26795865044194,"A",-17.7169420752503
9.86297249673027,63,"A",0,2.72958974682537,-0.452347414777752,NA,"C",17.1909451688885
10.171745482456,51,"A",0,5.92563664263356,-5.08339430502949,NA,"B",10.6366121007935
9.05520608510001,66,"B",0,3.09464610566359,2.04283443112864,5.54669545757705,"C",-2.51728175950586
8.71237969399379,71,"B",0,2.65217813936897,4.45295315431971,4.56909507106501,"C",-11.2004397211591
11.407765738751,46,"A",0,3.5261729275888,-8.26727177623658,NA,"C",17.4834363166475
10.2673726890532,67,"A",1,NA,NA,NA,"A",8.08309127669355
9.59160235785399,76,"B",1,NA,NA,NA,"B",9.19406052071735
10.3252712199169,62,"A",0,-0.146830507389049,-0.298128620498786,NA,"B",-30.8487822959533
12.0624809731194,56,"A",1,NA,NA,NA,"A",19.7434169233457
10.362666955664,47,"A",1,NA,NA,NA,"A",31.4095180492836
11.4114046447039,76,"A",0,-1.1930872641514,1.57860131617544,NA,"C",-21.7888987761188
11.3675443145754,69,"A",0,0.100464825422348,-1.68490864089455,NA,"B",17.9271688419732
9.59282385287846,73,"A",0,1.19122841771824,4.84951126556292,NA,"B",-22.582178625455
10.7625417308859,61,"A",0,0.210298784521338,-2.38528859238716,NA,"B",13.4184285330794
9.34879917696828,60,"A",0,2.67146117481782,0.0460539914227792,NA,"C",-9.57450693646486
8.52634422053168,54,"A",0,5.01631566734735,-0.253071316028822,NA,"C",17.3438149737602
8.79833420359489,51,"A",0,5.81886211560924,-1.17701706782836,NA,"C",-15.0220869564637
9.85127952186991,73,"A",0,0.913228907502208,2.61856916737977,NA,"B",28.8787641380196
11.7970624285523,69,"A",1,NA,NA,NA,"A",15.756555710626
10.1048087178556,74,"B",0,1.66722950596623,1.97734462211768,2.99860549911396,"A",-16.4030543734854
9.19716202664852,67,"B",0,2.43981137227779,2.86106563609594,4.00771004956471,"A",13.1424504144036
10.2303749641637,73,"A",0,0.817981817479115,3.99977482967322,NA,"C",-34.2766863776013
10.6979751932181,46,"B",0,4.83080592357031,-5.86438237660982,3.98383443292094,"A",-8.90953473783376
8.70479826805412,40,"A",0,8.45366324720206,-3.47284293103444,NA,"B",-5.61665161055537
8.94531978202233,68,"A",0,3.35040068100401,3.97498256599174,NA,"C",-4.65347380324753
8.05839251032493,47,"A",0,8.01409550255886,-0.170540979552588,NA,"B",-8.76900041068246
8.73043940699628,57,"A",1,NA,NA,NA,"A",10.2706513978458
9.11256118918389,73,"A",0,1.94297412851719,3.63742499617454,NA,"B",-1.69817151481935
9.70808423729681,67,"A",0,2.74161342479533,0.0531799487009581,NA,"B",1.58379448828114
11.410094052973,49,"B",0,3.15357090644962,-7.1760052190885,6.03804376364378,"A",0.0919471892362927
10.8886414302639,65,"B",0,1.62465098383254,-2.26242102289203,4.0450484897244,"C",-4.17886453444546
10.2729743196903,67,"A",0,2.28368215979328,-1.15863858030381,NA,"B",-41.4552679380577
9.43335853397381,77,"B",1,NA,NA,NA,"B",11.6361333038503
9.95979306256343,63,"B",0,2.26375177750046,-1.33396308150987,6.04246347945,"A",-23.6498237001936
10.5476122453011,67,"A",0,1.87902089609215,3.12467887567003,NA,"B",-4.46314113134079
9.49596667839446,75,"A",0,1.84462997842346,4.56582195247763,NA,"B",3.46895232911802
11.0590701295588,80,"B",0,-3.05528707875877,3.61406075113227,5.0531554290624,"C",-14.7880766194919
11.0974535664358,49,"B",0,1.9250027711151,-5.73557108541255,4.744658441978,"C",-0.4243604755559
8.83349537037441,67,"A",0,3.6790105520821,2.44789748747964,NA,"C",-9.13262279707577
9.25308868991394,59,"B",1,NA,NA,NA,"B",20.4060742097586
11.2067387333393,57,"B",0,1.66165172723295,-5.39308966453486,4.99962651004183,"C",16.9563396253304
8.31278011945665,66,"A",0,4.26522828598088,4.57369006087153,NA,"B",-64.014646345356
10.4197098949063,55,"A",0,2.16645060740275,-2.5440159037686,NA,"B",8.9353753306668
10.2334987616388,76,"A",0,-0.13606506017418,3.19987528947812,NA,"B",23.7548007905341
13.1959011978574,46,"B",0,4.96386239494447,-14.0135498702797,5.43071831000399,"C",33.5864577565476
7.27031965877305,57,"B",0,5.27268340236867,4.44363834779403,4.14168083720518,"C",-14.2188756175307
9.15920419857595,55,"B",0,4.41169867898118,-1.38349938027293,4.83502925379319,"C",-39.8893880721156
10.6740286686505,65,"A",0,1.80152370762323,0.681031694843097,NA,"B",16.0174393692369
11.6743265096714,74,"A",0,-1.30536058708958,0.168543916673182,NA,"C",10.422636196709
10.8396870838405,43,"A",0,4.44246052368355,-8.27527887895887,NA,"B",26.5883629974058
8.57163156444481,54,"B",1,NA,NA,NA,"B",-3.51771848730056
12.2393881691678,70,"B",0,-1.58823355286988,-2.2893113597531,6.0289348580953,"A",11.9824206918356
8.24273377589824,42,"A",1,NA,NA,NA,"A",32.6415787280526
8.88698391209534,63,"B",0,4.55588792786137,2.76343438718666,5.51210080600766,"A",32.7034519683886
9.95685960938667,68,"B",1,NA,NA,NA,"B",-39.3342609681183
12.2255869089066,70,"A",1,NA,NA,NA,"A",14.2136387449997
10.5063165873382,52,"B",0,5.24060028803499,-3.38580703386256,5.22220447021809,"A",-7.534706398011
10.7303960514358,53,"B",1,NA,NA,NA,"B",5.78712048048407
11.7280775947368,47,"B",0,4.41514122282373,-9.28885038077525,5.15145729974164,"C",-11.5098930216585
10.9847799683146,79,"B",1,NA,NA,NA,"B",4.99761443883877
8.77526212403573,59,"A",0,4.93879336585063,0.335763643878991,NA,"B",9.6383979331966
10.7097262180658,58,"A",1,NA,NA,NA,"A",-11.6810154119748
9.89078000742194,40,"B",0,8.94837391962401,-4.86554742512392,4.54309394524524,"C",20.8542525465583
11.7826078953883,62,"A",0,2.41079675434681,-3.26344657539977,NA,"C",27.6908719675535
9.75655532039702,52,"A",0,4.48524782951232,-1.94256120207789,NA,"C",-3.36528529695221
8.47289297774539,58,"A",1,NA,NA,NA,"A",-5.93290679148565
10.4918343714666,46,"A",0,5.80408412407676,-7.5783738686814,NA,"C",27.7060615275049
10.354503660927,72,"B",0,-1.12905794086342,2.59954609312491,3.55208466485228,"A",4.34493170199763
9.98237365236962,71,"A",0,1.37383650078372,2.12964072999069,NA,"B",2.94729253638764
8.94344967788278,49,"B",1,NA,NA,NA,"B",-13.7397089578151
9.16108533392173,40,"A",0,9.06179841652551,-4.3566807417897,NA,"C",-2.82837686129173
9.98737428350957,63,"B",0,3.39712168882663,0.613274654681085,5.745280932191,"A",44.1744172104799
11.0381101460043,40,"B",0,7.54509205567001,-11.1414921996212,5.43938639909289,"A",18.1581958373902
9.63554228609494,69,"A",0,1.03925056058054,0.271421021914961,NA,"C",-22.4001685370244
9.12855052781461,58,"B",0,6.28792911967056,1.84662719347205,6.88741240493961,"C",-19.6326287557047
7.2957969745533,44,"B",0,8.17011383129839,-1.51157279399765,4.33721439397199,"C",-32.0758574815284
10.4942498365406,78,"B",0,-2.32487224994843,2.41961563027653,5.40217729261793,"C",-6.54492113359549
10.4273403249991,64,"A",0,1.89099197528834,-1.77265449393634,NA,"C",-4.49885150366724
11.3091908601097,52,"A",1,NA,NA,NA,"A",15.2295877434642
11.4667226423107,51,"B",0,4.59467214221373,-7.28482973332009,5.09231375326708,"A",23.2467085393577
9.85694393370538,49,"A",0,5.84802595776259,-4.6884973546375,NA,"B",8.18345281208901
11.2985137262107,77,"A",0,-2.47494144972995,0.527552186770126,NA,"B",2.54238844950322
10.0013135475559,63,"A",0,3.29944222142635,1.34341037742479,NA,"C",-27.1791789057945
9.32358992431442,71,"B",0,0.590292871566649,4.60850775583863,5.36447635496682,"A",-1.2663548504506
9.15180340311453,46,"B",0,7.80178727316539,-2.84118561960091,5.04369287579648,"C",-17.0747288744768
9.65305889959256,41,"B",1,NA,NA,NA,"B",-9.33853291779382
10.2274794430271,53,"B",0,4.47529181582812,-4.02946460799871,3.99774988427619,"C",14.4817693059925
9.97259859638889,73,"B",0,-0.439019283508504,2.48942785393105,5.18865241173627,"C",15.556162473698
10.200877790585,77,"B",0,-1.2496964591846,3.66289502031788,5.98793947656274,"A",37.2117329495116
10.1989426718228,64,"B",0,3.08650382788592,-0.690952447245392,4.50850465915021,"A",18.9631657255431
10.7145993560837,62,"A",0,2.31132887737856,-0.432507551311896,NA,"B",-5.28657340001611
9.72681822511015,51,"A",0,4.57095776073645,-4.1790820012006,NA,"C",21.4085253351107
11.6353474579317,66,"B",0,0.404877668149732,-2.28162221841229,4.64504091715755,"A",16.1959267891554
10.4376938864796,54,"A",1,NA,NA,NA,"A",-7.83222516758853
8.80646414925092,44,"B",1,NA,NA,NA,"B",11.9610524119072
9.72335019580082,44,"A",0,4.77606967808159,-2.75524779000673,NA,"B",11.0965701498723
10.5158830505351,59,"B",0,3.30360571090719,-2.50204713646734,5.10700379528221,"C",-34.245321513474
9.58894466791366,66,"B",0,2.26418168111259,0.185507517556909,6.94598348666199,"C",-12.7655517164503
10.3449950494726,62,"B",0,1.53270635472401,-1.89609604715332,4.22953304492197,"A",-3.99396283262896
10.4343958608311,42,"B",0,5.47972922283032,-6.27681797762903,6.692485274097,"A",-27.074682688333
11.303477683005,50,"B",0,3.79860025847625,-5.26360193449498,5.55826334853078,"C",-26.7741128762326
9.34830408926692,58,"B",0,4.00378110492305,-0.701016944290714,7.06635586348982,"A",18.513830680076
9.98311913767201,59,"A",0,3.30273297860556,-2.79494822770177,NA,"C",-55.5615981442774
9.43230754470641,67,"B",0,1.94706954311318,3.62424174988496,6.29237848353413,"A",7.96915684015682
8.87286713023672,53,"A",0,6.10858140917379,-0.792008378581288,NA,"B",17.0759159551044
8.15102968882097,61,"B",0,3.71291391168824,2.93555460080031,5.20726916627432,"C",5.16970793464298
10.1955290551819,51,"B",0,3.7967303142719,-5.10541450619562,6.79779384093607,"C",-5.71545746740381
10.6015652251956,72,"B",0,1.8241109219701,1.37980654786793,4.51692289542212,"C",13.8354211798165
10.6391581597899,44,"B",0,6.65539307470995,-6.6383087062523,3.64111358964677,"A",16.1691759470711
8.61000718253792,61,"B",0,3.71407417054538,3.20099085994158,5.95367231066946,"C",22.2595010434767
8.87032214660242,59,"A",0,3.1334811956391,1.18665768912692,NA,"B",-27.623173920067
8.85884580516243,80,"A",0,-2.75477284060659,7.58465135542942,NA,"B",-22.7330392834852
9.31132850039911,76,"B",0,1.42160618280388,6.4936153413836,6.47692181339756,"A",0.101828830998142
10.1701978181521,47,"B",1,NA,NA,NA,"B",12.7284371387324
10.5944834272574,45,"B",1,NA,NA,NA,"B",1.33042055812333
9.18496734927504,78,"A",1,NA,NA,NA,"A",-4.86338798091572
7.13565316293327,55,"B",0,6.78598627083093,3.35850626503031,5.72059781005111,"A",-10.0207464437331
10.9538234817083,42,"B",0,6.73282112326062,-8.09576771288468,5.29354610363597,"C",-15.7381574415153
10.6152847706134,51,"A",0,4.62681579372437,-4.81111633010585,NA,"B",19.6247128008219
9.29912929944974,45,"A",1,NA,NA,NA,"A",45.4136374224366
8.92633865853021,72,"B",0,1.67587895243259,4.7533659183763,3.30806655614012,"C",-6.07294745931846
9.70000880320026,47,"B",0,6.6646295665492,-3.86247586988089,6.0967148625672,"C",16.0961405106008
10.1081065628026,76,"A",0,0.0340834150265532,3.91101162288068,NA,"C",21.2785919325773
10.7232007635877,42,"B",1,NA,NA,NA,"B",-0.762946308746894
11.3900950960743,76,"A",0,-1.22975364987436,1.69944027290972,NA,"B",16.2084013170968
9.1511166016216,78,"A",0,1.05731057118655,6.10806419050082,NA,"C",-10.8349313463607
10.2907228446435,57,"A",0,2.16619630431294,-0.727596335133498,NA,"C",12.8968005243504
11.3341760337024,74,"B",0,-3.04518313420941,-0.144080704292452,4.11371759420138,"A",-6.6507637582963
9.09865784474092,40,"A",0,8.49213424777679,-4.59680818566834,NA,"C",-33.5688571250732
9.77723658706715,77,"B",1,NA,NA,NA,"B",-23.5614530569993
8.2285319717966,55,"B",0,3.98911797303308,0.453603299826069,5.76235595171857,"C",-10.9820013944325
10.2874222501144,51,"A",0,5.06821801072179,-4.79509902892451,NA,"B",27.7228082430054
9.358808237676,52,"B",1,NA,NA,NA,"B",28.8914771838041
9.07506235776105,61,"B",0,4.49020268269594,1.05023554791283,4.60795722813676,"C",4.2602680121054
9.22002253081468,58,"A",1,NA,NA,NA,"A",9.87986562991011
10.4445033735944,75,"B",0,0.344802168030079,3.90113287274828,4.81767679555958,"A",-18.5443812079885
7.83753099738834,78,"B",0,-0.286953403742353,7.36883758322111,4.48914143124609,"A",-41.5672467646448
9.57448910007905,75,"B",0,-0.763170401083521,4.00647332845134,4.08915444752163,"A",-3.06006754758755
8.98628234079546,62,"B",0,4.59913900063634,1.86633346597975,4.15834170353684,"C",-0.646070824600401
9.03788097169625,69,"A",0,1.94781750476635,1.55734451632663,NA,"B",-3.62366520361191
10.4746346272774,46,"A",1,NA,NA,NA,"A",-19.670239631514
10.3517542696045,63,"A",1,NA,NA,NA,"A",-27.0074382244033
9.89297964375302,65,"A",0,0.032844887885461,1.22332879982671,NA,"B",-7.24286204977779
10.5375172566003,45,"B",0,6.16658782906449,-7.40853761468499,4.08599272418781,"C",23.7555042071622
9.39789510155187,50,"A",0,4.80911561240138,-1.6743232182989,NA,"C",35.0933057045257
7.97670235466632,65,"A",0,5.73851239788809,5.11382629918743,NA,"B",-15.5067492336829
11.1544212805981,60,"A",0,3.69068147412675,-2.70180342062557,NA,"C",13.6476359887708
9.76930700230589,57,"B",0,5.22896016343049,0.155276769991104,5.91900145603577,"A",25.0795551429974
9.63491123178509,70,"A",0,1.64725089417228,2.55653002406724,NA,"C",-20.7521355338746
10.1575179293757,50,"B",0,4.15117928710475,-2.58496396116946,3.07204609507171,"A",1.2795331443513
10.7659322229844,41,"B",0,6.05806417300316,-8.52413600205201,4.37746613043517,"A",4.2199439273281
10.4260869662023,78,"A",1,NA,NA,NA,"A",11.4839631416415
10.9272653999653,78,"A",0,-2.23634617538094,3.01485239232129,NA,"C",27.4426245553518
10.0461345928405,49,"B",1,NA,NA,NA,"B",-29.1431936366731
9.49571435690889,77,"A",0,0.294571020943451,4.65282645468874,NA,"C",16.7870872923056
9.69955059164444,64,"A",0,3.45265226093532,0.555801954059758,NA,"B",7.73088789842092
10.8229159786459,55,"B",0,3.44265082338997,-5.1412910900393,3.23884291869324,"C",-10.1671076764085
9.15073120387096,68,"A",0,1.55600473041485,3.3586001214329,NA,"C",3.75761516053379
9.0463899043188,71,"A",0,2.1307969519801,4.64152454257286,NA,"B",50.1924364806096
10.3134787158826,74,"A",0,0.613208080867445,4.60351439423882,NA,"C",0.731401597383012
10.6124733074333,74,"B",0,-0.153569433777061,1.21555137395022,4.2538661022192,"C",-20.2113980857412
8.30891677246312,66,"A",0,4.29698467901218,4.12727888488738,NA,"B",-26.237880666376
10.7846986274423,79,"B",0,-3.11093191181641,2.18932308953426,6.22169290293352,"A",-30.1703004975445
10.01192513526,80,"A",0,-1.0710104818653,4.26040981628325,NA,"B",-15.2597802350496
9.81874471213004,73,"A",0,-0.0565370916955064,2.49163348694498,NA,"B",72.362130950704
11.1069544024807,67,"B",1,NA,NA,NA,"B",-6.38405061408226
11.4793948709883,64,"B",0,2.12435184188488,-0.584732004757184,4.57651054829107,"C",32.2251942286964
8.85260055900016,52,"B",0,6.25945095062361,-0.087074918401342,4.05213121469417,"C",-26.9953019702833
11.011654376514,55,"B",0,3.64882473339681,-3.71998921906323,5.24685403023688,"A",28.7372702642414
9.36793080502512,62,"A",0,2.71289404088662,0.0589049889132767,NA,"B",-13.4353177159681
10.1323613195191,67,"A",0,2.18932393361228,2.71759531263323,NA,"C",-22.0221098888024
10.4809260647253,70,"A",0,0.24091168102318,3.04433293855406,NA,"C",-15.899639619891
10.1331776275846,42,"B",1,NA,NA,NA,"B",-4.61626576018988
8.53713553767181,40,"A",0,8.52540333609397,-3.86834716885559,NA,"C",-20.1829151127932
9.49359821952526,46,"A",0,5.85580290878064,-3.9371406170151,NA,"B",17.9481974348301
11.5396632373375,58,"B",0,3.97658033859292,-6.79260201361964,5.3412916278268,"C",14.391683107856
10.1727936183873,64,"A",0,2.45852528024669,0.72719814799165,NA,"B",36.4424467988617
9.16417607592032,61,"A",0,2.91262949743778,0.12880585337387,NA,"B",6.41195555628361
9.34407129612039,58,"A",0,3.71302630568941,0.529717488615634,NA,"B",2.17496954579496
11.0575660865353,56,"A",0,4.23782276930657,-3.82144107610168,NA,"B",6.03551625818348
10.3460834898654,70,"A",1,NA,NA,NA,"A",-0.752164075664644
9.10281345800631,61,"A",0,2.493711683993,1.7463756192527,NA,"C",21.9088929559471
10.0062652112556,65,"A",1,NA,NA,NA,"A",11.095929258265
10.5966705090757,40,"B",0,7.46242076507101,-7.83243219579508,5.7813369431542,"A",21.4889719206469
11.722551807944,44,"B",0,2.49859406217915,-10.1188063585562,4.41307457975659,"C",25.2688678585402
9.11825051659065,66,"A",1,NA,NA,NA,"A",3.75203818382911
9.62005404483313,50,"B",0,7.59639076733902,-4.11543713365255,5.13459374289105,"A",67.0807222363056
10.9961100158738,60,"B",1,NA,NA,NA,"B",3.83958365753917
9.54087910705616,52,"A",0,5.94051034453457,-2.28045223431472,NA,"B",-16.6665058540014
11.4602657462126,52,"B",1,NA,NA,NA,"B",-12.517455386356
11.0432461769504,50,"A",0,3.30649382249878,-5.23893134096534,NA,"C",-18.3768490397071
8.34095902965317,40,"A",1,NA,NA,NA,"A",-17.4563766598774
10.4239577762274,52,"A",0,3.51128629919124,-6.10356951412337,NA,"B",12.906674009071
8.58083707381476,53,"B",0,4.4544402931771,1.63037111184195,4.26650952804708,"A",22.0849979001835
8.53530754332932,44,"A",1,NA,NA,NA,"A",-35.9335922990833
10.0704209721478,62,"A",0,1.61865660333568,1.27518249011335,NA,"C",-5.32610444085152
10.0566982219803,54,"B",0,4.47328397437034,-1.93463753976223,4.17367456345791,"C",-12.604294389755
9.96729182273441,59,"B",0,2.61210605091291,-3.01319335586548,4.19069215238717,"C",-14.0420258420986
11.2642812240664,42,"B",0,4.716490821645,-8.98306075613345,5.83222758246632,"A",-17.0796012444837
10.2949878857302,51,"B",0,5.31591073146286,-3.7362763018601,6.28865834908394,"A",5.33136584524559
9.32691317949551,80,"B",0,0.363047198877483,6.78157726288073,3.6913092170962,"C",7.68426297767965
10.119588291491,65,"A",0,4.14910665312853,0.991305795836282,NA,"C",3.99663766256749
9.48560349100871,48,"B",0,5.97156321436655,-3.01958294781461,4.70105535427629,"A",14.8194024624297
9.93188842613346,47,"A",0,3.86763449416065,-6.61746371312555,NA,"B",10.2497751359376
8.85198808816326,80,"A",0,-0.82381553324383,7.23713940572819,NA,"B",2.72384615542103
9.88475551987083,71,"B",0,1.55575306699463,2.21341921795354,4.4063691257456,"A",-31.6250650259934
10.102936391849,58,"A",0,3.16753639726835,-1.70592121439728,NA,"B",33.7946462026209
9.29825651289686,72,"A",0,2.2534757345713,2.53111321957503,NA,"B",29.14880244308
10.0412306242703,64,"A",0,3.142383008898,-0.0717359193945476,NA,"C",-2.23616843873538
9.35123164940152,74,"A",0,3.01880550235173,5.13373389557969,NA,"B",19.5885506933083
9.35599214053356,40,"B",0,7.92878664454122,-6.3794293146321,5.67960798149885,"C",-7.01797180066827
9.79556117493363,72,"B",0,0.727222580998979,2.38667375552239,4.44089351135045,"A",26.1996286049113
10.4908409176616,40,"B",0,6.00101582224908,-7.57593627553302,7.12278881119426,"C",-33.462174998601
9.79466301272947,54,"A",0,4.51406471950486,-1.43030075797245,NA,"C",-21.5382550514186
10.1906913239253,49,"B",0,5.43140238807241,-5.63433960205748,5.2471870790577,"C",-23.7141086669984
10.9700241926611,60,"B",1,NA,NA,NA,"B",7.81478308260663
9.71473892215293,59,"B",0,4.06044282099595,-0.744981090158978,5.81406673159474,"C",-23.0471219941224
9.89638073145823,76,"B",0,-1.43717367038875,5.69760762185436,4.39547998021203,"C",9.77489496430692
10.5112545412037,48,"A",0,3.69268028557607,-3.41397178146072,NA,"C",31.1197841544151
8.74183754998428,69,"B",1,NA,NA,NA,"B",-11.56992183216
10.5438259689562,51,"A",0,5.31896776227126,-4.60432845583957,NA,"C",44.3855464222672
9.46503641341701,66,"B",0,0.926626185032361,2.25500826250943,4.70165378615139,"A",-9.1287424053752
8.86195397321993,42,"B",0,7.16161548590761,-5.25687993519432,5.61995934009034,"A",-22.7156968464141
8.23199622912435,76,"A",1,NA,NA,NA,"A",22.5353588444726
9.28502179713226,50,"A",0,6.91881144594813,-0.79226173217763,NA,"C",-9.56783443345429
8.82979773564038,50,"B",0,7.70473854414279,-1.89070050916975,5.76183161461883,"A",16.9239261714199
8.82155185158054,47,"B",0,7.54688157033224,-2.3857349240251,4.97302082262957,"C",2.13301086169634
11.6272913379533,60,"B",0,0.432974898436454,-4.71786589917576,4.92432923295207,"A",-20.7625966916051
8.78785333437147,47,"A",0,6.51309333658457,-3.33917923698235,NA,"C",-6.63346403972885
10.9975099174413,77,"B",0,-1.14876479462246,3.3849498840852,4.13439643084118,"A",12.1071343582284
10.5452456414202,80,"B",0,-1.3519943199498,2.50566527157751,5.02142509389665,"A",-6.81775219652932
9.11521088482488,56,"B",0,3.5169205510258,0.685239047313582,6.2667026967371,"A",-32.1273733692603
9.38876930211863,76,"A",0,0.178675480249411,3.71975517786898,NA,"C",-28.0680439685701
9.58980048716664,62,"B",1,NA,NA,NA,"B",-17.0619317030103
10.1904093698368,52,"A",0,3.35804010312765,-4.20115120962051,NA,"B",7.86375686860779
9.65167507104066,58,"B",0,4.53354126825774,-1.55534767294689,2.8792057794251,"A",18.564708591861
10.826847530285,78,"B",0,-1.80463504547181,2.99407548100896,5.11149616353027,"C",7.03930775770337
9.70731309769728,76,"A",0,0.310150544624295,4.13486657265947,NA,"C",0.726703032400911
7.83465379003676,46,"A",0,8.56344132735171,0.0866891236195914,NA,"C",26.6349207496838
9.90378322379662,62,"A",0,2.83228331436222,0.669618120043593,NA,"C",-0.112989384875846
8.14804315375141,74,"A",0,3.59793906144114,8.62405888063786,NA,"B",17.4265103250726
10.9378111352321,61,"A",0,0.410141964704038,-1.40137015142343,NA,"B",11.461728307167
9.2523135185605,70,"A",0,2.02667256535532,3.2346388262558,NA,"C",-6.63502870802167
8.88475856429984,50,"A",1,NA,NA,NA,"A",-50.1061853757657
9.40849358470118,65,"B",0,2.57565753004813,0.111889471715302,5.99689891524758,"A",33.3772741418845
10.5852306839092,53,"B",0,3.14773240534685,-3.40687919565947,5.47911646017894,"C",16.5007667977782
8.08144180069014,73,"A",0,4.23451253367499,6.40876176257191,NA,"C",-6.77666784974908
10.2538167915041,42,"A",0,7.3031123986348,-8.36125906989509,NA,"B",-13.5936663272145
9.02775823375383,66,"A",1,NA,NA,NA,"A",27.9698504553672
9.99148655196198,67,"B",0,0.459330937473456,1.70102504103776,4.03436909642343,"C",-6.94997938177329
10.6790419110075,66,"A",0,0.655196667531674,-0.539981367931299,NA,"B",-2.84937105893014
10.5696313666924,72,"A",0,-1.95955901619009,1.56372760720738,NA,"B",-19.7492758141512
11.5029616611284,43,"A",0,5.23297776418808,-9.43697525010617,NA,"B",-0.111674371504849
10.1290854011655,43,"A",1,NA,NA,NA,"A",50.7924412523212
9.29881704832338,78,"A",1,NA,NA,NA,"A",20.2443736972182
12.1537072159772,66,"A",0,0.206503360431139,-4.57825479345473,NA,"B",26.1220509768466
9.69675386173825,77,"B",0,-1.66558792457436,4.91225979833846,4.45511162280507,"C",-20.0402250925621
10.807579776908,65,"B",0,0.749371127877,-1.57852377068095,5.6801004331836,"C",17.7702001781019
10.9309914661264,51,"B",0,4.23651323077453,-4.85833470644045,4.93637370906155,"C",0.28383926165668
10.4549020982729,63,"B",0,1.84675013231973,-1.7701176141101,4.91954273413021,"C",-6.04905728928941
11.4254206900636,56,"B",0,3.10022804975702,-5.93335636162038,5.45923145410725,"A",10.4390892816507
9.79100882748725,61,"B",0,2.16624328284094,0.656452732940094,4.66273247468743,"A",23.4874755998304
8.76859722090939,43,"A",0,7.20102259369224,-5.95887108876223,NA,"B",-6.48590286219524
9.63939642284665,78,"B",0,-1.54250583192597,4.86194848992562,5.0010887063455,"A",-20.1628166168604
9.45278670051594,56,"A",1,NA,NA,NA,"A",16.9729626061739
10.3279960075145,65,"B",1,NA,NA,NA,"B",-0.497114454181747
9.06670016790634,58,"A",0,3.92385200010899,0.295375499715233,NA,"C",-7.44980201341942
10.6808108248002,77,"B",1,NA,NA,NA,"B",7.3256835237597
8.83611759981364,43,"A",0,6.50752524356584,-5.36394497365196,NA,"B",-18.98453376751
11.7554495098833,67,"A",0,-0.704403179938156,-3.79629751145748,NA,"C",4.0282939047901
11.4496373642549,51,"B",0,5.62453974899108,-8.70839270829989,4.75759712133585,"C",-5.42002282465225
9.55120505878892,68,"A",0,2.18191575234788,2.4013282269114,NA,"C",11.3558653571865
10.1400672889305,41,"A",0,7.12444500550471,-7.41531726729601,NA,"C",20.1469484564051
9.62634967182242,52,"A",0,3.96795462357006,-1.86453189477068,NA,"C",23.611557960811
8.79356588276192,45,"A",1,NA,NA,NA,"A",50.6749006934115
7.33865402505899,80,"A",0,2.73130966377106,10.8259121970362,NA,"B",-30.086504697125
9.97490550673441,75,"A",0,1.45111049595287,3.55303685764695,NA,"B",49.2382957265089
9.96562674275094,59,"B",1,NA,NA,NA,"B",-10.5784109383337
11.6423590390448,64,"A",0,0.455416386023862,-1.78580798402739,NA,"B",-0.290641072129357
8.00453785246117,52,"A",0,6.02318480466029,1.28176333465562,NA,"C",10.3495826454667
9.33782924139759,59,"B",0,3.01639706006052,0.609622117006128,4.94702116850156,"C",11.7752249548035
10.88003799231,66,"A",0,1.31981996232014,-0.918122488226596,NA,"B",27.873317965836
10.3423874200016,74,"A",0,-0.77468740402441,3.72011575802636,NA,"B",-31.8927331696431
10.1217538555238,67,"A",0,1.68106094155823,1.31283544334937,NA,"B",-8.76331529815165
9.37923896548819,78,"B",0,0.152147190733808,5.62315649284005,4.27756226337505,"A",-8.09580738890411
10.200945267574,71,"B",0,1.04733007842943,2.55744477434618,4.74113345986315,"C",16.3830918782063
9.76409465197666,58,"A",1,NA,NA,NA,"A",24.7590807194436
10.1136611149702,47,"B",0,5.68666924067332,-4.27012169825024,4.91883930002813,"A",-20.3810591982628
9.42207080471218,60,"A",0,2.75870497873804,-0.425517523331035,NA,"C",-11.5900189767694
11.1885648858383,58,"A",0,1.28694322822176,-4.17152438658096,NA,"B",-1.99180512290129
11.0599362781215,56,"A",1,NA,NA,NA,"A",26.6559580442933
11.3367582108647,78,"B",1,NA,NA,NA,"B",-22.6585213686178
9.63283082886978,61,"A",0,3.38464739808731,-2.40557677004751,NA,"C",11.8490827432157
9.69566329522161,52,"A",0,6.4368173591804,-3.11647010920553,NA,"B",-14.2158270620466
9.64972037576429,69,"B",0,1.39098587382008,1.95161216846312,3.8836299632433,"C",9.0746137637367
11.374144762728,54,"A",0,3.25169555317015,-5.67852930108804,NA,"B",8.91183120236897
9.70027950812493,79,"A",0,-1.32605879791949,5.93363297510577,NA,"C",-14.4702763269887
10.0976351442252,69,"A",0,1.89340583208621,1.25724460488402,NA,"B",4.61250458328492
10.3811880287237,46,"A",0,5.3590371832135,-7.77302421228325,NA,"C",-3.41752749997663
10.6782125568188,51,"A",0,1.73502517703059,-5.38626599965601,NA,"B",3.37795259800779
9.73232672776573,50,"A",0,5.71541755381217,-5.61585192603486,NA,"B",-12.7125538725391
12.3459656643349,75,"B",0,-1.69416578160549,-1.55052702824868,3.20684812613843,"C",5.40954993705873
9.07250534447517,52,"B",0,6.01983013191268,-3.92008777753551,4.03812942453444,"A",43.7347533260951
8.57344282630226,67,"B",0,3.00290219658013,4.44895398094072,4.24499535668549,"A",-10.7760389163626
10.0423026643898,72,"A",1,NA,NA,NA,"A",-9.98409379453614
11.7674434700048,61,"A",0,0.944831591475856,-4.36886969490209,NA,"B",10.4814691957964
10.0527503271454,70,"A",0,1.91564861758392,2.43057436993135,NA,"B",-2.35347184188115
10.10972603997,42,"A",0,5.27411601531556,-8.04870900058747,NA,"C",-17.1288865768902
10.8632026155582,65,"B",0,1.86791444275547,-0.178364300139298,6.04881307255375,"A",-17.5254251425902
9.90102679523038,54,"B",0,4.75866563283401,-2.57456223293878,4.43712266782595,"A",0.160953170448467
10.1036965460862,67,"A",0,2.20469141860506,1.30766373276518,NA,"C",-1.46019923360212
11.2084848756846,80,"B",1,NA,NA,NA,"B",6.51572376569421
10.0937460210528,47,"B",0,5.85600519353837,-5.22102410527031,5.3343018916622,"C",-24.0105905743629
9.24780348105392,55,"B",0,5.34125229617069,1.38002176018922,5.02832091440948,"C",-2.42746849308808
10.3949242198727,60,"B",0,2.6686549916296,-2.7442406670536,6.30148267349866,"A",-30.1802906912501
8.90847956601258,70,"B",0,0.750520811721769,4.7755181476778,4.50195953107356,"C",-19.9024506728523
8.54170757500431,62,"A",0,4.57418501295787,3.72679344775425,NA,"C",-28.1878658111661
9.87728771504425,47,"B",1,NA,NA,NA,"B",26.7420297992795
8.8990708083316,80,"B",0,-1.21526336933203,5.74877208586119,4.01996036075781,"A",7.50169159995379
10.5809230718398,42,"B",0,6.67744445317878,-8.5029605387151,4.83841645418968,"C",-15.3341964753275
9.85305251064021,75,"A",1,NA,NA,NA,"A",-13.1395374963884
9.23366538492765,71,"B",1,NA,NA,NA,"B",8.69010306065755
11.6228975785446,69,"B",0,0.356567898194829,-0.872682032837229,5.1230259032062,"C",-10.13112251854
9.89005945596401,77,"B",0,-0.718331629279156,3.26452897608288,5.12959954496963,"A",24.6990340627217
11.4217048542621,52,"A",0,2.92448640714516,-6.51907055187936,NA,"C",2.51161465700128
9.8865789510036,42,"B",0,7.84828068687202,-7.08717764441869,5.68199858429902,"C",11.2833924778529
9.67071905841885,67,"A",0,1.61458576447978,0.788809281491809,NA,"B",21.2661945434206
10.3734609835971,72,"B",0,0.916600681930822,1.09717753972332,4.89615349097378,"C",13.4953023191464
11.0298881309398,53,"A",0,2.78260783630175,-5.82305023792099,NA,"B",12.1186983025479
12.7057750471993,65,"A",0,-0.498924910823637,-5.14809605793725,NA,"C",-4.95149920336066
8.96505412875076,72,"B",0,3.95384519953322,3.98426356426915,6.76699023269667,"C",1.39474290494195
9.81657014135927,54,"B",0,5.41418526096559,-1.22140781339714,5.4178475868194,"A",-14.0755931346603
11.0777713074513,48,"A",0,6.31839735221651,-8.04824689760731,NA,"B",1.765869430518
10.3416202252988,79,"B",0,0.499421516347822,3.78224644709657,4.38418799783049,"C",-2.13705579905138
9.81265637588133,78,"B",0,0.237327640590258,4.69243388525629,4.23030833518914,"C",-14.3473087195571
8.69714089147053,46,"A",0,5.95781110452233,-1.8398119244418,NA,"C",-0.130769516676343
9.72134173802433,75,"A",0,0.790758780384349,3.66177865849671,NA,"B",-7.33817512321171
9.81524609154173,58,"B",0,3.62258649833656,-2.22611435678089,5.3962148095199,"A",0.34363396237657
9.91822250282644,70,"B",0,0.181761527714189,2.5656868753895,6.63412449184027,"C",-9.24432802022087
11.6122417937271,70,"A",1,NA,NA,NA,"A",15.8196624283289
9.53806016049533,79,"B",0,-1.97169285199919,6.83926958028896,5.36604549374752,"C",69.1394374616876
8.42394969918136,45,"B",0,7.32321980766964,-3.62159847175799,5.6594028032917,"A",-11.0800882559814
10.4964330735311,58,"A",0,3.79821930606925,-2.42865568092082,NA,"C",-0.656738335912973
9.88804621618103,75,"A",0,-2.09997780154441,3.07376044569969,NA,"B",5.2132311712796
9.79565359978803,56,"B",0,5.17544287930169,0.0409371337892714,4.25426792783004,"C",-14.6568862180616
10.6355681628564,58,"B",1,NA,NA,NA,"B",7.14971812790418
7.09332604592845,74,"B",1,NA,NA,NA,"B",2.01812978950689
9.44634174723904,76,"A",0,1.50891526434698,5.92321021555211,NA,"B",55.5043570959264
9.84654817174908,45,"B",1,NA,NA,NA,"B",-5.63342653916067
10.6052905157604,60,"B",0,2.64997968567042,-3.17132603928529,5.50476231580253,"A",35.3106061278245
9.73899340381564,75,"B",0,0.246355982119141,4.61551298522245,5.27772533009694,"C",4.31958668010696
8.99486153758875,49,"A",1,NA,NA,NA,"A",13.4749635792506
10.3725661143126,77,"A",0,-1.16362932670139,2.73349332127735,NA,"C",72.1302054620149
10.0194461765201,43,"B",0,6.32637619727301,-5.36222850335769,5.02710618297037,"C",6.99664113040728
10.1105288153953,68,"B",0,1.29701014398757,1.91951029458424,4.10893393090555,"A",-17.5258478927539
11.1565704369236,43,"A",0,6.8161648985839,-8.33571205783971,NA,"B",-4.32203422814028
9.45777953978824,61,"B",0,4.53557301861213,0.531953454391742,5.89952212423833,"A",-17.146367235089
8.75079871658092,58,"B",0,5.63488198801997,0.528529605840834,5.31693793884243,"A",-24.6614720177808
8.71998740324681,61,"A",0,4.52865620426487,2.66389290890575,NA,"C",3.9419377206745
8.97606721220962,40,"B",0,8.53683639568648,-3.3733477845393,4.63130702454629,"C",-13.6540071254565
8.61234942001194,61,"B",0,5.06421568288824,2.93685997107045,3.96444223453465,"A",18.9045756308919
9.95077888559387,42,"B",0,7.13121099546842,-6.78785018167982,6.1423579224016,"C",16.7180816901359
11.8109607304831,60,"B",0,0.791016078562671,-3.31537758864793,4.92997575061889,"A",-9.90494661948135
9.90048993429173,79,"B",0,0.264528606412603,4.94400981587267,5.15005792097899,"C",16.8458610419214
10.7772371242974,75,"A",0,-0.219283529999038,2.1705187208475,NA,"B",-2.26378961673041
8.89740367481999,57,"A",0,4.21811604715263,-0.722886997282168,NA,"C",-8.09373103784861
9.77835521729821,54,"B",0,4.05014992371666,-1.78589182254149,5.94570391598553,"A",-5.74359482172724
10.5660949625959,77,"A",0,-1.89954835169287,2.86932221537651,NA,"B",-17.8231344854407
9.64504065474494,70,"A",0,-0.165099658577552,0.23833124698464,NA,"B",22.8316620205018
10.785262601468,78,"A",0,-1.71059287526057,3.39786946980573,NA,"C",21.2258842946627
10.6940473785994,61,"B",0,2.97528233254426,-0.828923897439864,4.62870340710411,"A",-21.3922332551914
9.36727010441505,62,"B",0,4.72292915123498,0.739917194505439,5.65380343695319,"C",1.01523665363849
9.22804135803869,74,"B",0,1.58442333462891,5.4574166593019,5.08208311206495,"A",4.93004164508224
12.3578173876011,60,"B",1,NA,NA,NA,"B",27.8348829763753
9.80745066364019,78,"B",0,-1.15966683893312,3.03761544055095,5.37378439362746,"C",-12.9207138826507
10.0066193342142,63,"A",1,NA,NA,NA,"A",39.796007555249
9.94545397537264,75,"A",1,NA,NA,NA,"A",-56.2836326255383
9.43179311945962,70,"A",0,1.72624692756968,2.0034851135041,NA,"C",6.6158020096725
9.07302405630336,68,"B",0,1.91824071061362,3.74932216171914,4.86250874443992,"C",-23.9978035905997
8.8642648186193,72,"B",0,2.76994944310616,5.18906936889756,3.24859255349682,"A",6.15987103464897
10.9139623390545,80,"B",1,NA,NA,NA,"B",13.6240794169477
9.01393716667713,40,"B",1,NA,NA,NA,"B",18.2171638101113
10.6674854134896,40,"B",0,7.78097205896417,-7.16923909820962,4.62745388427355,"C",-2.97003513562253
11.4065954897066,61,"A",0,0.720326093399597,-3.9577314216331,NA,"C",-15.025601175253
11.1577789601179,54,"B",0,1.82304479521706,-7.01596452761031,4.83656477379667,"C",20.4297435881806
9.86124680242647,69,"B",1,NA,NA,NA,"B",-6.94257628745789
9.46067814903986,72,"A",0,1.57921937219142,4.25131345661648,NA,"B",12.041503983973
8.92110650093848,57,"B",0,2.98694893614246,1.57227679859881,6.77088628042287,"A",-31.5426521316982
9.98143786004889,50,"B",0,4.95178327868853,-4.33091560332482,7.25001295168758,"A",-18.8314470391828
9.7673843143213,64,"B",0,0.649573035146314,1.28792710175769,4.39561131670048,"A",16.8900405539176
10.1562935425142,64,"B",0,2.19930728941887,0.416915080077506,5.85573310391272,"A",0.2581052192378
9.39599024524597,73,"A",0,0.799214686207291,4.0957107656374,NA,"B",4.58513853880996
10.6290351201217,72,"B",0,-0.58855590183001,3.55619736961547,4.67725836562932,"C",-14.7784539844144
10.714169570852,58,"A",0,1.61989969387216,-3.11140220313555,NA,"C",28.0184915748532
11.0758861012888,58,"B",0,2.16528150037638,-4.13523179262163,5.7520099906063,"A",-44.3746228422443
12.2497555173793,78,"A",1,NA,NA,NA,"A",-28.4544754239909
10.1978905988793,74,"A",0,1.5340377949927,2.82196204800241,NA,"B",12.1252705681108
9.4244536815213,67,"A",1,NA,NA,NA,"A",3.40999442651955
9.92267913499541,50,"A",0,6.86286906493423,-4.78055904292968,NA,"B",20.6057582103173
8.37208011089898,42,"A",0,8.64085578859534,-3.95004103497309,NA,"B",-25.535980497503
10.129923153969,62,"B",0,3.26543611141153,0.434911205626007,5.45370089104974,"C",-22.7845628591152
9.57432686673994,57,"B",0,6.72879707709094,-0.555023619982825,3.98593890086968,"C",12.8474556982349
10.4060117485211,62,"A",0,0.501147320819929,-1.90756532232144,NA,"C",-5.90500740691615
9.73118981436193,69,"A",0,-0.626768558177207,2.3783480705855,NA,"B",-7.76735237861985
8.6190154637023,58,"B",0,3.73696206401487,0.92756990679928,5.31753256271926,"C",-8.38077609049334
10.0365833213446,63,"B",0,3.37653425683485,-0.51633498111151,7.04950501704507,"C",-28.8945294054018
8.64675546882361,53,"A",0,4.34585141740622,-0.644114248591968,NA,"C",12.1513130595758
10.8970061939423,43,"B",0,7.18309698381406,-8.30994416411899,4.42051231889317,"A",-19.5474220257701
8.17064028773607,40,"B",0,10.1618155501128,-2.81961610402524,5.41652875694247,"A",10.2244980330851
9.85812305582801,41,"A",0,9.29532872948813,-7.79986338051869,NA,"B",18.4392470040212
10.4579817778428,78,"A",0,-3.10668215348274,3.72084475843855,NA,"B",-35.7090336569325
8.48038248691001,59,"B",0,3.81604451590662,2.85203902884307,5.06146476746087,"A",-10.5826246257655
11.3990553146603,50,"A",1,NA,NA,NA,"A",20.1415273413942
9.11466080909698,70,"B",0,1.7824707306096,3.78152773998189,3.91057608077931,"A",23.5284393788118
9.49366970877868,74,"A",0,1.59610775319236,3.06482539482798,NA,"C",27.405043506334
10.1633321059663,49,"B",0,3.94505234473066,-3.34806881106344,4.05030480115888,"A",-3.07663317011986
9.66285614374161,71,"A",1,NA,NA,NA,"A",-13.0910274349137
8.96404846799017,66,"B",1,NA,NA,NA,"B",32.8695294019973
10.4093379282167,41,"A",0,6.51068586833539,-6.75763188719178,NA,"C",-36.9847335133584
9.47577654178311,69,"A",0,2.99565200080698,2.1490855713736,NA,"B",4.81257187948321
10.5065003735242,68,"A",0,0.366544087847573,1.65976885355143,NA,"C",0.61360847328469
9.49527713722529,74,"B",0,1.0563905569194,5.61696783633293,5.74061171870652,"C",45.5316026826523
9.0427496710465,49,"A",1,NA,NA,NA,"A",2.05978368279858
9.90536564154674,69,"A",0,1.13735608377861,3.02687222360975,NA,"C",-13.2526480395004
10.6494393176106,64,"B",1,NA,NA,NA,"B",-3.15219828025853
10.2423217993271,64,"A",0,1.29587435163756,-0.266060497552703,NA,"C",-1.71869552388278
9.94106590973829,57,"A",0,3.74026441019392,-3.60109556561312,NA,"B",14.5055779618268
8.05220592842382,42,"A",0,9.48189653030137,-3.23847498220554,NA,"C",4.65858193646229
11.4514436318915,47,"B",1,NA,NA,NA,"B",-25.2176243540781
9.96006032236228,52,"B",1,NA,NA,NA,"B",-1.18794243024987
9.13600230893009,55,"B",0,5.94246927614868,-1.43070320623028,6.29581591229015,"A",20.8011840899675
9.79830976028748,72,"B",0,-0.785222711398624,4.55700162693156,5.251410826106,"A",3.82831169091005
10.2612555627274,78,"A",1,NA,NA,NA,"A",-5.56123471816404
8.48164861669414,67,"B",0,3.08864468689545,4.83999200586887,3.84997079506277,"A",7.64801805538919
10.7173086322758,69,"B",0,1.59634320483511,1.99786167505079,4.81265420131351,"A",-22.8909478506268
10.2468327280964,47,"A",0,5.3106776023392,-5.01080190038711,NA,"B",-5.58020325523885
11.2027670463051,46,"B",0,3.71812929317474,-6.61079508793606,5.26586434661075,"A",22.2674864705618
10.9860392704473,65,"A",0,-0.876186438851878,-1.36356800852191,NA,"B",24.3234481873264
9.46205940093776,63,"A",1,NA,NA,NA,"A",-23.544975367619
9.50971725818604,58,"A",1,NA,NA,NA,"A",28.8332194786985
9.00448382743755,60,"A",0,5.95255266740504,-0.456018614447473,NA,"B",-16.4424045151299
9.63829707174539,76,"A",0,1.58193660023794,4.86676391949547,NA,"B",18.6041130041211
10.9443548112969,55,"A",0,2.21889803805506,-5.75170621536264,NA,"B",-63.435387801616
11.7922070116155,59,"A",0,1.43803611677967,-3.36377507891409,NA,"C",-31.8316692280157
10.9284093958643,49,"B",0,5.2660915610708,-6.19731817251852,4.29215906223305,"A",6.35541450603163
8.17006233036932,54,"B",0,5.59310923809715,0.506663468383205,5.08662631748596,"A",1.96440636245367
10.8218781061631,75,"B",0,-1.74059577198091,2.57591907372528,4.80739145372209,"C",0.278728392306874
11.0362687620034,56,"B",0,2.70297604424063,-2.21394399311934,6.20400722481069,"A",12.6900190939828
10.6174201441298,66,"A",1,NA,NA,NA,"A",7.45974429697742
9.14506963688121,47,"A",1,NA,NA,NA,"A",-24.0520920613185
11.0645105184847,69,"B",0,-0.746757763037829,-0.547563689183113,5.44536423940955,"A",20.1731723772531
10.7294814581037,76,"A",0,0.535280281004351,0.00542313773687386,NA,"B",-0.940050597290118
10.6626565843581,46,"B",1,NA,NA,NA,"B",-9.14599867759343
9.61859279729576,63,"A",0,3.08184556446117,0.505224394163403,NA,"B",15.1959167926449
10.8458917777936,80,"B",0,-2.01340337791318,2.02861836395786,4.77676878011985,"A",-5.45958753107197
10.1115918844458,51,"A",0,4.21841321332977,-4.2914253745474,NA,"C",38.1320498928754
9.93222973834396,47,"B",1,NA,NA,NA,"B",24.7458225447023
11.4870980965183,66,"B",0,0.564404542020523,-2.65225613992991,5.88446739765687,"A",8.4220987657768
10.7572233766462,75,"B",0,1.07721641956094,2.37462612540104,5.58695809443756,"C",-14.4221925734823
7.12595750660129,72,"A",1,NA,NA,NA,"A",5.19207838683568
9.57345755092252,73,"A",0,0.738587352468764,3.8691891021196,NA,"B",-4.77401630253804
8.51259370436803,53,"A",0,6.3056873133289,2.10436209937336,NA,"C",12.4913791851133
10.5887916457109,41,"B",1,NA,NA,NA,"B",4.74791458357207
9.55740048922422,55,"B",1,NA,NA,NA,"B",31.3572581516202
10.9013048023202,65,"B",0,1.57062044108083,0.344168584547203,3.64580824147616,"A",-22.6250149242551
10.4678283403677,59,"B",0,1.97372952237563,-1.8618701899307,4.5271227833642,"A",-13.8658647580215
10.022040318667,69,"B",0,1.62086310897205,0.112029438105937,6.47540305579729,"A",22.7586350537365
9.91489216820439,40,"A",1,NA,NA,NA,"A",37.3937628449517
9.63873285734654,60,"A",0,2.67508030370912,0.871235221257034,NA,"B",47.3846097963586
10.1995065015373,63,"A",0,0.816273261875599,-1.21788272374176,NA,"C",0.0194774443847411
8.89174574529969,76,"A",0,1.75332354653092,7.75433111760701,NA,"C",9.9188670270444
10.6727940704864,61,"B",1,NA,NA,NA,"B",4.88776902553261
9.60588636662636,79,"A",0,-0.406781519750804,4.93770306344181,NA,"C",-9.52340502365228
9.25603241441501,56,"A",0,3.82553358534899,-0.320434975048744,NA,"C",25.8839702807564
9.67388652321659,68,"A",0,1.45598517273526,3.38146277863098,NA,"C",-1.5802956458706
11.8746688268145,46,"B",1,NA,NA,NA,"B",10.4845623233667
8.24200085465326,53,"B",1,NA,NA,NA,"B",3.04944306206653
9.65113909003513,75,"B",0,0.239505293235377,4.78941060946751,5.11251425141033,"C",9.940076251693
10.1065892291184,78,"A",0,-0.63528917793469,4.31040852474603,NA,"B",-12.26946269645
9.46234121879485,53,"B",0,4.87089715477423,-2.48691999959229,5.19977376859728,"C",11.1973806320136
9.58873086808816,58,"A",0,4.3957059421637,-1.46638726895772,NA,"B",-2.22772436006001
10.3823483379761,62,"A",1,NA,NA,NA,"A",11.0759512075542
10.2225140885426,49,"B",0,7.09942607919555,-5.31773467949938,5.27346752919144,"C",-3.02746666771976
9.3262454916803,80,"A",0,1.50133025384365,6.56126535309191,NA,"B",-31.6164026199768
10.5674329138705,59,"B",0,3.07098929436267,-2.07506263914171,4.93090796325276,"A",-5.97716742313133
10.17948365476,51,"B",0,3.21309010406218,-1.78200998785683,4.71271809374981,"A",4.06814890673979
10.686341749488,66,"B",0,1.89637741530107,-1.01297491072911,5.26422510927918,"C",-11.1854214392974
8.67273633851659,50,"B",0,3.9618988715524,-1.66444402624544,3.82553558856583,"C",0.968412005384422
9.23208356177767,80,"A",0,1.19368988945273,6.38322070074152,NA,"B",-23.0562711088253
9.80729749132721,63,"A",0,3.53239670813635,0.153515717587888,NA,"C",-9.48037085251695
10.9590511980822,50,"B",0,2.70612030769617,-5.47190517755224,5.90791472574933,"A",-30.7757442174007
9.47096863802056,55,"A",0,5.24690143364433,0.807831922802464,NA,"C",-18.5483263546542
8.96711300904914,40,"B",0,7.94356349449693,-4.7524074979799,4.61415401596301,"C",5.9083133855098
10.7717454904474,52,"B",1,NA,NA,NA,"B",7.05655336765695
10.4653566641985,57,"B",0,2.91599293805769,-2.86778654697287,5.03569622085317,"A",20.7487881733783
8.77432893308603,67,"A",1,NA,NA,NA,"A",8.86173877763566
12.0466772402203,42,"A",0,5.61332948737694,-10.7600446939427,NA,"B",-23.4787769137314
11.4986744488973,64,"B",0,-0.0787899334529177,-4.09354442316744,4.08234927699484,"C",-7.64097150181299
8.61105091532316,71,"B",1,NA,NA,NA,"B",-25.1211371213159
12.1533764637228,45,"A",0,5.48677724988687,-10.9954934540821,NA,"C",35.6533127076325
8.27088325945063,61,"B",0,2.50386158281837,2.44897293745988,4.80374639267722,"C",17.6430499701778
10.1020424850945,43,"A",1,NA,NA,NA,"A",-6.13157202171986
8.85872087250291,72,"A",0,1.78209442724186,3.19896614023796,NA,"B",19.4395137415851
9.62299091179622,69,"B",0,1.93116037024486,1.92336435775039,4.80473915132467,"A",10.513414308573
9.65121790123795,45,"B",0,7.52271659287936,-4.81911989456183,4.94053631566479,"A",-28.7808245483389
10.3228850812286,48,"B",0,5.0875112096254,-5.05603330455562,4.52843748356986,"C",14.9023798786404
8.87566038205984,52,"A",0,6.17855655500945,0.19625615486266,NA,"B",11.9486636155472
7.24295027767933,46,"A",0,7.59473366105848,1.50941969227868,NA,"B",-25.1760638713745
9.90418890088027,42,"B",0,6.92625456720448,-6.82854952174918,3.96187008852991,"C",12.1901499297946
9.25330019504335,76,"A",0,0.467394612130163,5.11821060898018,NA,"C",4.37600995879548
10.2107814180054,70,"A",0,1.47301053960452,-0.0687106376772191,NA,"C",-41.1604621993511
9.15149019149118,61,"A",0,4.41846849758923,-0.335053283057962,NA,"B",-22.1105828514696
10.7922647657043,55,"B",1,NA,NA,NA,"B",18.624090142901
10.0291874325757,52,"B",0,3.30162453241805,-3.23086202472744,4.74052921452334,"A",20.3585139283475
10.6033880124838,77,"A",0,-2.17985154619018,2.10333240527203,NA,"C",9.40876898965272
9.00505989518655,71,"B",0,0.961625632629419,5.23352827607191,3.272968769648,"C",6.57049172828386
9.78866754185624,79,"B",0,-0.353897170370534,5.46892588816791,4.80803021644666,"C",-36.3685597730018
10.3440210874962,77,"A",0,-1.4919180402884,4.77572421939993,NA,"B",-27.3572786022788
9.91062147101646,67,"A",1,NA,NA,NA,"A",-8.28632730791864
11.6540374665165,74,"B",0,-0.271696606454692,-0.0061925840516187,6.08291764664476,"C",13.3695009134019
8.03709128679102,54,"A",0,5.68750760740304,0.824231793334642,NA,"B",12.4244264330619
10.7561255114995,46,"A",0,5.70918790690684,-8.22289041431336,NA,"C",-7.83306595052429
10.0144186579431,40,"B",1,NA,NA,NA,"B",-8.15542198322073
10.9457138040608,51,"B",0,3.49081595654862,-5.7211735147992,4.37224776733998,"C",5.67473130681612
9.90119150761372,42,"A",0,6.22939468639457,-5.87643763816778,NA,"B",2.96273938536384
7.26024575661286,65,"B",0,4.79098968937779,5.76372775890496,6.23773509430537,"A",-31.392853120125
10.4203058494232,42,"B",0,5.69236622762863,-5.72460801426647,5.14851123048534,"A",27.6598338588284
9.78162073773901,43,"A",0,7.67715234672782,-4.97198527842481,NA,"C",-17.2990740731347
9.01064467040175,45,"B",0,6.9633421860913,-2.86510217915799,5.43819766779945,"A",8.88476775965726
9.34353110381546,54,"A",0,5.50642339498276,-2.34228875637273,NA,"B",48.5108261821721
10.0556635482013,69,"A",0,2.74564469776842,1.30961262744344,NA,"C",15.1705480110046
12.452063444775,60,"A",0,1.05667600163493,-6.64649926477697,NA,"B",-11.5790670045071
10.1881735737377,57,"A",0,1.8530499178874,-1.49885431004463,NA,"C",10.0646969810467
9.0203036316223,59,"A",0,2.89946076546344,0.370152384229482,NA,"C",-32.4296735587298
11.9036104675046,66,"A",0,-0.481049659202974,-2.34097494477528,NA,"C",-21.2294396792496
9.56148021780439,64,"B",0,3.51974299581537,-0.849423574819175,4.62401786022278,"A",-3.52046914845208
9.17027390441454,77,"B",1,NA,NA,NA,"B",-41.2526371922066
8.752768681238,63,"B",0,3.35061658753057,1.29977792075296,3.73273958307586,"C",-34.0095852091762
9.32619083691221,41,"B",1,NA,NA,NA,"B",18.2120220821919
11.935167263967,73,"B",0,-1.48931506138591,-0.262468886233461,4.46985840338944,"A",10.5515856316889
10.9065614348641,44,"B",0,5.31221780061863,-8.17386891725346,5.15732118096186,"C",9.81820019318311
10.7365267714271,59,"B",1,NA,NA,NA,"B",-5.87560228384668
10.1466253040451,73,"A",1,NA,NA,NA,"A",46.9532574869061
10.283120796739,48,"A",0,5.03598875301126,-5.86568210375107,NA,"C",-10.5008973126252
10.5892767207701,69,"A",1,NA,NA,NA,"A",5.50974385164114
10.215849476577,58,"B",0,3.67818294792888,-2.18466780284942,5.48375105698098,"A",-6.22004455380767
10.1550532348743,44,"B",0,6.36825446421617,-6.44492873216696,4.59453636744359,"C",8.81394618486317
10.9538266363039,57,"B",0,2.94480546363494,-2.82100256400146,4.93048916045938,"A",-24.9146060966603
9.83414729752071,77,"B",0,-1.28862061027086,4.88765012731663,5.13066694610272,"A",3.97109463522588
10.255003745571,61,"B",0,4.82060756532351,-1.22924303559994,3.9856325273121,"A",24.5810624933302
9.10252764064534,59,"A",0,4.61325462155141,1.02432615898052,NA,"B",30.2819909160464
11.5839701047028,78,"B",0,-3.41005346042122,0.451829608027615,4.75368643528725,"A",-33.9879154766702
11.392758628166,40,"A",0,7.23700882621279,-9.61371989049288,NA,"C",14.3126704739565
8.18774176827108,69,"B",0,2.77814598372388,3.71545967178149,4.86033407775512,"A",-3.48222721035803
9.78368032141054,70,"A",0,2.68634221239217,0.757488266315517,NA,"B",20.6561023346706
10.5498560567109,79,"A",0,-0.388586733961565,4.54280281417044,NA,"B",-25.300614791378
10.4827362375176,59,"B",0,2.43287220326345,-2.18589792077797,4.43865649465807,"C",-49.8866218068636
10.7608487289501,75,"A",0,-0.702370706257794,3.38970460928472,NA,"B",-1.30970662097825
9.55434198306599,70,"A",0,0.656384825396501,2.72095512162369,NA,"C",11.7264142307088
